0.0	0.0	db,6/8,7
0.618429	0.618429	b
1.1949825	1.1949825	db
1.7715360000000002	1.7715360000000002	b
2.3480895000000004	2.3480895000000004	db
2.8381815000000006	2.8381815000000006	b
3.3351060000000006	3.3351060000000006	db
3.9206150000000006	3.9206150000000006	b
4.4742560000000005	4.4742560000000005	db
4.9705795	4.9705795	b
5.4536835	5.4536835	db
6.0391925	6.0391925	b
6.5928335	6.5928335	db
7.1061060000000005	7.1061060000000005	b
7.590215000000001	7.590215000000001	db
8.176396500000001	8.176396500000001	b
8.732055	8.732055	db
9.350484000000002	9.350484000000002	b
9.920176500000002	9.920176500000002	db
10.489869000000002	10.489869000000002	b
11.059561500000003	11.059561500000003	db
11.549653500000003	11.549653500000003	b
12.046578000000004	12.046578000000004	db
12.632087000000004	12.632087000000004	b
13.185728000000003	13.185728000000003	db
13.682051500000002	13.682051500000002	b
14.165155500000003	14.165155500000003	db
14.714184000000003	14.714184000000003	b
15.242632500000003	15.242632500000003	db
15.738956000000002	15.738956000000002	b
16.222060000000003	16.222060000000003	db
16.7661495	16.7661495	b
17.283867	17.283867	db
17.902296	17.902296	b
18.4788495	18.4788495	db
19.055403	19.055403	b
19.631956499999998	19.631956499999998	db
20.1220485	20.1220485	b
20.618972999999997	20.618972999999997	db
21.204481999999995	21.204481999999995	b
21.758122999999994	21.758122999999994	db
22.254446499999993	22.254446499999993	b
22.737550499999994	22.737550499999994	db
23.323059499999992	23.323059499999992	b
23.87670049999999	23.87670049999999	db
24.38997299999999	24.38997299999999	b
24.87408199999999	24.87408199999999	db
25.46026349999999	25.46026349999999	b
26.01592199999999	26.01592199999999	db
26.634350999999988	26.634350999999988	b
27.20404349999999	27.20404349999999	db
27.77373599999999	27.77373599999999	b
28.343428499999987	28.343428499999987	db
28.833520499999988	28.833520499999988	b
29.330444999999987	29.330444999999987	db
29.915953999999985	29.915953999999985	b
30.469594999999984	30.469594999999984	db
30.965918499999987	30.965918499999987	b
31.449022499999987	31.449022499999987	db
31.998050999999986	31.998050999999986	b
32.526499499999986	32.526499499999986	db
33.02282299999999	33.02282299999999	b
33.505926999999986	33.505926999999986	db
34.050016499999984	34.050016499999984	b
34.56773399999999	34.56773399999999	db
35.186162999999986	35.186162999999986	b
35.76271649999999	35.76271649999999	db
36.33926999999999	36.33926999999999	b
36.915823499999995	36.915823499999995	db
37.40591549999999	37.40591549999999	b
37.90283999999999	37.90283999999999	db
38.48834899999999	38.48834899999999	b
39.04198999999999	39.04198999999999	db
39.66041899999999	39.66041899999999	b
40.23697249999999	40.23697249999999	db
40.813525999999996	40.813525999999996	b
41.3900795	41.3900795	db
41.880171499999996	41.880171499999996	b
42.377095999999995	42.377095999999995	db
42.962604999999996	42.962604999999996	b
43.516245999999995	43.516245999999995	db
44.134674999999994	44.134674999999994	b
44.7112285	44.7112285	db
45.287782	45.287782	b
45.8643355	45.8643355	db
46.4827645	46.4827645	b
47.059318000000005	47.059318000000005	db
47.63587150000001	47.63587150000001	b
48.21242500000001	48.21242500000001	db
48.80877250000001	48.80877250000001	b
49.38569500000001	49.38569500000001	db
49.98204250000001	49.98204250000001	b
50.558965000000015	50.558965000000015	db
51.15065850000001	51.15065850000001	b
51.72573900000001	51.72573900000001	db
52.31743250000001	52.31743250000001	b
52.89251300000001	52.89251300000001	db
53.40975500000001	53.40975500000001	b
53.93157400000001	53.93157400000001	db
54.448816000000015	54.448816000000015	b
54.97221550000001	54.97221550000001	db
55.489457500000015	55.489457500000015	b
56.01285700000001	56.01285700000001	db
56.53459600000001	56.53459600000001	b
57.06099350000001	57.06099350000001	db
57.582732500000006	57.582732500000006	b
58.10913000000001	58.10913000000001	db
58.632385500000005	58.632385500000005	b
59.159794000000005	59.159794000000005	db
59.681533	59.681533	b
60.2079305	60.2079305	db
60.731186	60.731186	b
61.2585945	61.2585945	db
61.7833755	61.7833755	b
62.311800999999996	62.311800999999996	db
62.845141	62.845141	b
63.379163	63.379163	db
63.913833249999996	63.913833249999996	b
64.48673074999999	64.48673074999999	db
65.03777975	65.03777975	b
65.59056575	65.59056575	db
66.14505475	66.14505475	b
66.70440475	66.70440475	db
67.25545375	67.25545375	b
67.80823975	67.80823975	db
68.36272875	68.36272875	b
68.91659325	68.91659325	db
69.46764225000001	69.46764225000001	b
70.02042825000001	70.02042825000001	db
70.57491725000001	70.57491725000001	b
71.12037125000002	71.12037125000002	db
71.66582525000003	71.66582525000003	b
72.21127925000003	72.21127925000003	db
72.75673325000004	72.75673325000004	b
73.30218725000005	73.30218725000005	db
73.84764125000005	73.84764125000005	b
74.42419475000005	74.42419475000005	db
75.00074825000006	75.00074825000006	b
75.57730175000005	75.57730175000005	db
76.06739375000005	76.06739375000005	b
76.56431825000007	76.56431825000007	db
77.14982725000006	77.14982725000006	b
77.70346825000006	77.70346825000006	db
78.19979175000006	78.19979175000006	b
78.68289575000009	78.68289575000009	db
79.26840475000007	79.26840475000007	b
79.82204575000006	79.82204575000006	db
80.31836925000006	80.31836925000006	b
80.80147325000009	80.80147325000009	db
81.38698225000007	81.38698225000007	b
81.94062325000009	81.94062325000009	db
82.56422075000008	82.56422075000008	b
83.1505392500001	83.1505392500001	db
83.9359017500001	83.9359017500001	b
84.6953952500001	84.6953952500001	db
85.45488875000011	85.45488875000011	b
86.21438225000011	86.21438225000011	db
86.79627225000007	86.79627225000007	b
87.2793762500001	87.2793762500001	db
87.86488525000009	87.86488525000009	b
88.4185262500001	88.4185262500001	db
89.03695525000009	89.03695525000009	b
89.60664775000009	89.60664775000009	db
90.1763402500001	90.1763402500001	b
90.74603275000008	90.74603275000008	db
91.23612475000009	91.23612475000009	b
91.73304925000011	91.73304925000011	db
92.3185582500001	92.3185582500001	b
92.87219925000008	92.87219925000008	db
93.36852275000008	93.36852275000008	b
93.8516267500001	93.8516267500001	db
94.40065525000009	94.40065525000009	b
94.92910375000008	94.92910375000008	db
95.42542725000008	95.42542725000008	b
95.9085312500001	95.9085312500001	db
96.4526207500001	96.4526207500001	b
96.97033825000011	96.97033825000011	db
97.5666857500001	97.5666857500001	b
98.14360825000009	98.14360825000009	db
98.63370025000009	98.63370025000009	b
99.13062475000011	99.13062475000011	db
99.7238942500001	99.7238942500001	b
100.30081675000008	100.30081675000008	db
100.79090875000009	100.79090875000009	b
101.2878332500001	101.2878332500001	db
101.8811027500001	101.8811027500001	b
102.45802525000008	102.45802525000008	db
102.94811725000008	102.94811725000008	b
103.44300775000008	103.44300775000008	db
103.93085875000008	103.93085875000008	b
104.42574925000008	104.42574925000008	db
104.91675625000008	104.91675625000008	b
105.4136807500001	105.4136807500001	db
106.0329617500001	106.0329617500001	b
106.6522427500001	106.6522427500001	db
107.2715237500001	107.2715237500001	b
107.8908047500001	107.8908047500001	db
108.5321507500001	108.5321507500001	b
109.17349675000011	109.17349675000011	db
109.86944175000012	109.86944175000012	b
110.62724875000006	110.62724875000006	db
111.12416525000008	111.12416525000008	b
111.63371375000007	111.63371375000007	db
112.13273125000008	112.13273125000008	b
112.63981625000007	112.63981625000007	db
113.14764225000008	113.14764225000008	b
113.66517975000008	113.66517975000008	db
114.20461675000008	114.20461675000008	b
114.78252875000007	114.78252875000007	db
115.31974325000007	115.31974325000007	b
115.86308975000007	115.86308975000007	db
116.40366375000008	116.40366375000008	b
116.94537525000008	116.94537525000008	db
117.56348375000009	117.56348375000009	b
118.10847575000008	118.10847575000008	db
118.65346775000008	118.65346775000008	b
119.19845975000007	119.19845975000007	db
119.74345175000008	119.74345175000008	b
120.30419975000008	120.30419975000008	db
120.84800675000008	120.84800675000008	b
121.39181375000008	121.39181375000008	db
121.91967275000009	121.91967275000009	b
122.4475317500001	122.4475317500001	db
122.9753907500001	122.9753907500001	b
123.5208010000001	123.5208010000001	db
124.0533460000001	124.0533460000001	b
124.5858910000001	124.5858910000001	db
125.1184360000001	125.1184360000001	b
125.6509810000001	125.6509810000001	db
126.1835260000001	126.1835260000001	b
126.7160710000001	126.7160710000001	db
127.2486160000001	127.2486160000001	b
127.7811610000001	127.7811610000001	db
128.3137060000001	128.3137060000001	b
128.8462510000001	128.8462510000001	db
129.3787960000001	129.3787960000001	b
129.911341	129.911341	db,3/4,0
130.261195	130.261195	b
130.61104899999998	130.61104899999998	b
130.96090299999997	130.96090299999997	db
131.30573099999998	131.30573099999998	b
131.64957099999998	131.64957099999998	b
131.99048	131.99048	db
132.328508	132.328508	b
132.666536	132.666536	b
133.00456400000002	133.00456400000002	db
133.34259200000002	133.34259200000002	b
133.68062000000003	133.68062000000003	b
134.06523500000003	134.06523500000003	db
134.40001600000002	134.40001600000002	b
134.73525350000003	134.73525350000003	b
135.07197150000002	135.07197150000002	db
135.4081055	135.4081055	b
135.7442395	135.7442395	b
136.09614549999998	136.09614549999998	db
136.43134899999998	136.43134899999998	b
136.76654499999998	136.76654499999998	b
137.10174099999998	137.10174099999998	db
137.43693699999997	137.43693699999997	b
137.77213299999997	137.77213299999997	b
138.13141399999995	138.13141399999995	db
138.48126799999994	138.48126799999994	b
138.82708899999994	138.82708899999994	b
139.17241949999993	139.17241949999993	db
139.51724749999994	139.51724749999994	b
139.86108749999994	139.86108749999994	b
140.20199649999995	140.20199649999995	db
140.54002449999996	140.54002449999996	b
140.87805249999997	140.87805249999997	b
141.21608049999998	141.21608049999998	db
141.55410849999998	141.55410849999998	b
141.8921365	141.8921365	b
142.29720999999998	142.29720999999998	db
142.631023	142.631023	b
142.967417	142.967417	b
143.30311350000002	143.30311350000002	db
143.63737550000002	143.63737550000002	b
143.9716375	143.9716375	b
144.3235435	144.3235435	db
144.6583245	144.6583245	b
144.99496249999999	144.99496249999999	b
145.3282955	145.3282955	db
145.661183	145.661183	b
145.992675	145.992675	b
146.37935399999998	146.37935399999998	db
146.717382	146.717382	b
147.05541	147.05541	b
147.39925	147.39925	db
147.735384	147.735384	b
148.071518	148.071518	b
148.42342399999998	148.42342399999998	db
148.759558	148.759558	b
149.09569199999999	149.09569199999999	b
149.42718399999998	149.42718399999998	db
149.76237999999998	149.76237999999998	b
150.09757599999998	150.09757599999998	b
150.48425499999996	150.48425499999996	db
150.82228299999997	150.82228299999997	b
151.16031099999998	151.16031099999998	b
151.50415099999998	151.50415099999998	db
151.840285	151.840285	b
152.17641899999998	152.17641899999998	b
152.52832499999997	152.52832499999997	db
152.86448299999998	152.86448299999998	b
153.19972049999998	153.19972049999998	b
153.53472975	153.53472975	db
153.87086374999998	153.87086374999998	b
154.20699774999997	154.20699774999997	b
154.59367674999996	154.59367674999996	db
154.92935724999998	154.92935724999998	b
155.26270125	155.26270125	b
155.59698674999999	155.59698674999999	db
155.93406574999997	155.93406574999997	b
156.27114474999996	156.27114474999996	b
156.65782374999995	156.65782374999995	db
156.99256824999995	156.99256824999995	b
157.32824874999994	157.32824874999994	b
157.66510299999993	157.66510299999993	db
158.00029899999993	158.00029899999993	b
158.33549499999992	158.33549499999992	b
158.7221739999999	158.7221739999999	db
159.05785449999993	159.05785449999993	b
159.39399699999993	159.39399699999993	b
159.72734099999994	159.72734099999994	db
160.06253699999994	160.06253699999994	b
160.39773299999993	160.39773299999993	b
160.78441199999992	160.78441199999992	db
161.12054599999993	161.12054599999993	b
161.45667999999992	161.45667999999992	b
161.8140789999999	161.8140789999999	db
162.15021299999992	162.15021299999992	b
162.4863469999999	162.4863469999999	b
162.82732449999992	162.82732449999992	db
163.1644034999999	163.1644034999999	b
163.5014824999999	163.5014824999999	b
163.8460199999999	163.8460199999999	db
164.1840479999999	164.1840479999999	b
164.5220759999999	164.5220759999999	b
164.8917079999999	164.8917079999999	db
165.24156199999993	165.24156199999993	b
165.59141599999992	165.59141599999992	b
165.94134499999993	165.94134499999993	db
166.28617299999993	166.28617299999993	b
166.63001299999993	166.63001299999993	b
166.97092199999994	166.97092199999994	db
167.30894999999995	167.30894999999995	b
167.64697799999996	167.64697799999996	b
167.98500599999997	167.98500599999997	db
168.32303399999998	168.32303399999998	b
168.661062	168.661062	b
169.04567699999998	169.04567699999998	db
169.3809145	169.3809145	b
169.71519974999998	169.71519974999998	b
170.04996125	170.04996125	db
170.38704024999998	170.38704024999998	b
170.72411924999997	170.72411924999997	b
171.08994574999997	171.08994574999997	db
171.42607974999999	171.42607974999999	b
171.76221374999997	171.76221374999997	b
172.09834774999996	172.09834774999996	db
172.43448174999995	172.43448174999995	b
172.77061574999993	172.77061574999993	b
173.12795724999992	173.12795724999992	db
173.47781124999992	173.47781124999992	b
173.82823674999992	173.82823674999992	b
174.17811774999993	174.17811774999993	db
174.52294574999993	174.52294574999993	b
174.86678574999993	174.86678574999993	b
175.20769474999994	175.20769474999994	db
175.54572274999995	175.54572274999995	b
175.88375074999996	175.88375074999996	b
176.22177874999997	176.22177874999997	db
176.55980674999998	176.55980674999998	b
176.89783475	176.89783475	b
177.28244974999998	177.28244974999998	db
177.61908924999997	177.61908924999997	b
177.95291824999998	177.95291824999998	b
178.28583824999998	178.28583824999998	db
178.62103424999998	178.62103424999998	b
178.95623024999998	178.95623024999998	b
179.30813625	179.30813625	db
179.64427024999998	179.64427024999998	b
179.97998774999996	179.97998774999996	b
180.31424974999996	180.31424974999996	db
180.64807874999997	180.64807874999997	b
180.98234074999996	180.98234074999996	b
181.36901974999995	181.36901974999995	db
181.70704774999996	181.70704774999996	b
182.04507574999997	182.04507574999997	b
182.38891574999997	182.38891574999997	db
182.72504974999995	182.72504974999995	b
183.06118374999994	183.06118374999994	b
183.41308974999993	183.41308974999993	db
183.74922374999994	183.74922374999994	b
184.08535774999993	184.08535774999993	b
184.42153424999992	184.42153424999992	db
184.7576682499999	184.7576682499999	b
185.0938022499999	185.0938022499999	b
185.48048124999988	185.48048124999988	db
185.8185092499999	185.8185092499999	b
186.1565372499999	186.1565372499999	b
186.5003772499999	186.5003772499999	db
186.8365112499999	186.8365112499999	b
187.17264524999987	187.17264524999987	b
187.52455124999986	187.52455124999986	db
187.86048774999986	187.86048774999986	b
188.19570674999986	188.19570674999986	b
188.53092574999985	188.53092574999985	db
188.86518774999985	188.86518774999985	b
189.19944974999984	189.19944974999984	b
189.58612874999983	189.58612874999983	db
189.92226274999985	189.92226274999985	b
190.25839674999983	190.25839674999983	b
190.59365774999984	190.59365774999984	db
190.92979174999982	190.92979174999982	b
191.2659257499998	191.2659257499998	b
191.65260474999977	191.65260474999977	db
191.9878237499998	191.9878237499998	b
192.3230427499998	192.3230427499998	b
192.6610707499998	192.6610707499998	db
192.9962667499998	192.9962667499998	b
193.3314627499998	193.3314627499998	b
193.71814174999975	193.71814174999975	db
194.0542757499998	194.0542757499998	b
194.39040974999978	194.39040974999978	b
194.72667324999978	194.72667324999978	db
195.0628072499998	195.0628072499998	b
195.39894124999978	195.39894124999978	b
195.78562024999974	195.78562024999974	db
196.12175424999978	196.12175424999978	b
196.45788824999977	196.45788824999977	b
196.81528724999976	196.81528724999976	db
197.15142124999977	197.15142124999977	b
197.48755524999976	197.48755524999976	b
197.82853274999977	197.82853274999977	db
198.16561174999978	198.16561174999978	b
198.50269074999977	198.50269074999977	b
198.84722824999977	198.84722824999977	db
199.18525624999978	199.18525624999978	b
199.5232842499998	199.5232842499998	b
199.89456574999977	199.89456574999977	db
200.2444197499998	200.2444197499998	b
200.5942737499998	200.5942737499998	b
200.94412774999978	200.94412774999978	db
201.2889557499998	201.2889557499998	b
201.6327957499998	201.6327957499998	b
201.9737047499998	201.9737047499998	db
202.3117327499998	202.3117327499998	b
202.6497607499998	202.6497607499998	b
202.98778874999982	202.98778874999982	db
203.32581674999983	203.32581674999983	b
203.66384474999984	203.66384474999984	b
204.04845974999984	204.04845974999984	db
204.38463624999986	204.38463624999986	b
204.71987374999986	204.71987374999986	b
205.05516324999985	205.05516324999985	db
205.39035924999985	205.39035924999985	b
205.72555524999984	205.72555524999984	b
206.07746124999983	206.07746124999983	db
206.41359524999984	206.41359524999984	b
206.74972924999983	206.74972924999983	b
207.08967224999984	207.08967224999984	db
207.42580624999982	207.42580624999982	b
207.7619402499998	207.7619402499998	b
208.12544674999978	208.12544674999978	db
208.4753007499998	208.4753007499998	b
208.8251547499998	208.8251547499998	b
209.1750087499998	209.1750087499998	db
209.5198367499998	209.5198367499998	b
209.8636767499998	209.8636767499998	b
210.2045857499998	210.2045857499998	db
210.54261374999982	210.54261374999982	b
210.88064174999982	210.88064174999982	b
211.21866974999983	211.21866974999983	db
211.55669774999984	211.55669774999984	b
211.89472574999985	211.89472574999985	b
212.27934074999982	212.27934074999982	db
212.61503724999983	212.61503724999983	b
212.94932274999982	212.94932274999982	b
213.28359224999983	213.28359224999983	db
213.61972624999981	213.61972624999981	b
213.9558602499998	213.9558602499998	b
214.3077662499998	214.3077662499998	db
214.6439002499998	214.6439002499998	b
214.9800342499998	214.9800342499998	b
215.3152952499998	215.3152952499998	db
215.6504912499998	215.6504912499998	b
215.98568724999978	215.98568724999978	b
216.33759324999977	216.33759324999977	db
216.67397041249978	216.67397041249978	b
217.00801887499978	217.00801887499978	b
217.34106049999977	217.34106049999977	db
217.67719449999976	217.67719449999976	b
218.01332849999974	218.01332849999974	b
218.36411296874974	218.36411296874974	db
218.70334868749973	218.70334868749973	b
219.04048797499973	219.04048797499973	b
219.37587743749972	219.37587743749972	db
219.71133893749973	219.71133893749973	b
220.04936693749974	220.04936693749974	b
220.40127293749973	220.40127293749973	db
220.73894638749974	220.73894638749974	b
221.07228519374974	221.07228519374974	b
221.40561819374975	221.40561819374975	db
221.74042469374973	221.74042469374973	b
222.07283469374974	222.07283469374974	b
222.42474069374973	222.42474069374973	db
222.76087469374974	222.76087469374974	b
223.10081769374975	223.10081769374975	b
223.43789669374976	223.43789669374976	db
223.77403069374975	223.77403069374975	b
224.11016469374974	224.11016469374974	b
224.46207069374972	224.46207069374972	db
224.79820469374974	224.79820469374974	b
225.13433869374973	225.13433869374973	b
225.4704726937497	225.4704726937497	db
225.80380569374972	225.80380569374972	b
226.13438469374972	226.13438469374972	b
226.46405469374972	226.46405469374972	db
226.7937246937497	226.7937246937497	b
227.1233946937497	227.1233946937497	b
227.4539736937497	227.4539736937497	db
227.7827406937497	227.7827406937497	b
228.1115076937497	228.1115076937497	b
228.4420866937497	228.4420866937497	db
228.7717566937497	228.7717566937497	b
229.1014266937497	229.1014266937497	b
229.43109669374968	229.43109669374968	db
229.7635066937497	229.7635066937497	b
230.0959166937497	230.0959166937497	b
230.4283266937497	230.4283266937497	db
230.7644606937497	230.7644606937497	b
231.10059469374968	231.10059469374968	b
231.44542269374966	231.44542269374966	db
231.78926269374966	231.78926269374966	b
232.13310269374966	232.13310269374966	b
232.49722669374964	232.49722669374964	db
232.84708069374966	232.84708069374966	b
233.19693469374965	233.19693469374965	b
233.54678869374965	233.54678869374965	db
233.89161669374965	233.89161669374965	b
234.23545669374965	234.23545669374965	b
234.57636569374966	234.57636569374966	db
234.91439369374967	234.91439369374967	b
235.25242169374968	235.25242169374968	b
235.5904496937497	235.5904496937497	db
235.9284776937497	235.9284776937497	b
236.2665056937497	236.2665056937497	b
236.66817444374956	236.66817444374956	db
237.00430844374972	237.00430844374972	b
237.3404424437497	237.3404424437497	b
237.6765764437497	237.6765764437497	db
238.01271044374968	238.01271044374968	b
238.34884444374967	238.34884444374967	b
238.70075044374966	238.70075044374966	db
239.03688444374967	239.03688444374967	b
239.37301844374966	239.37301844374966	b
239.70915244374964	239.70915244374964	db
240.04528644374963	240.04528644374963	b
240.38142044374962	240.38142044374962	b
240.7175544437496	240.7175544437496	db
241.06740844374957	241.06740844374957	b
241.41726244374956	241.41726244374956	b
241.76711644374956	241.76711644374956	db
242.11194444374956	242.11194444374956	b
242.45578444374956	242.45578444374956	b
242.79381244374957	242.79381244374957	db
243.12900844374957	243.12900844374957	b
243.45777544374957	243.45777544374957	b
243.7820994437496	243.7820994437496	db
244.10642344374958	244.10642344374958	b
244.43074744374957	244.43074744374957	b
244.81536244374945	244.81536244374945	db
245.12867844374958	245.12867844374958	b
245.44199444374956	245.44199444374956	b
245.75531044374955	245.75531044374955	db
246.06862644374954	246.06862644374954	b
246.38194244374952	246.38194244374952	b
246.6952584437495	246.6952584437495	db
247.0085744437495	247.0085744437495	b
247.32189044374948	247.32189044374948	b
247.63520644374947	247.63520644374947	db
247.94852244374945	247.94852244374945	b
248.26183844374944	248.26183844374944	b
248.57515444374943	248.57515444374943	db
248.8901154437494	248.8901154437494	b
249.20507644374942	249.20507644374942	b
249.54121044374938	249.54121044374938	db
249.86121044374943	249.86121044374943	b
250.18121044374942	250.18121044374942	b
250.51734444374938	250.51734444374938	db
250.83820044374943	250.83820044374943	b
251.15905644374942	251.15905644374942	b
251.49728019374942	251.49728019374942	db
251.81728019374944	251.81728019374944	b
252.13728019374943	252.13728019374943	b
252.4678591937494	252.4678591937494	db
252.78659869374943	252.78659869374943	b
253.10322169374942	253.10322169374942	b
253.4241346937494	253.4241346937494	db
253.74585069374942	253.74585069374942	b
254.06756669374943	254.06756669374943	b
254.3901476937494	254.3901476937494	db
254.70929669374942	254.70929669374942	b
255.02844569374943	255.02844569374943	b
255.34930169374942	255.34930169374942	db
255.66930169374942	255.66930169374942	b
255.9893016937494	255.9893016937494	b
256.30930169374943	256.30930169374943	db
256.6226176937495	256.6226176937495	b
256.93593369374946	256.93593369374946	b
257.24924969374945	257.24924969374945	db
257.56256569374943	257.56256569374943	b
257.8758816937494	257.8758816937494	b
258.1958816937494	258.1958816937494	db
258.51084269374945	258.51084269374945	b
258.82580369374944	258.82580369374944	b
259.14410569374945	259.14410569374945	db
259.45906669374943	259.45906669374943	b
259.7740276937494	259.7740276937494	b
260.0898166937494	260.0898166937494	db
260.4047776937494	260.4047776937494	b
260.7197386937494	260.7197386937494	b
261.04145469374936	261.04145469374936	db
261.3555906937494	261.3555906937494	b
261.6697266937494	261.6697266937494	b
261.9838626937494	261.9838626937494	db
262.2971786937494	262.2971786937494	b
262.6096871937494	262.6096871937494	b
262.9226586937494	262.9226586937494	db
263.2367946937494	263.2367946937494	b
263.5501451937494	263.5501451937494	b
263.8642896937494	263.8642896937494	db
264.1767896937494	264.1767896937494	b
264.4901246937494	264.4901246937494	b
264.8030366937494	264.8030366937494	db
265.1171726937494	265.1171726937494	b
265.43130869374943	265.43130869374943	b
265.74544469374945	265.74544469374945	db
266.05958069374947	266.05958069374947	b
266.3725016937495	266.3725016937495	b
266.6850016937495	266.6850016937495	db
266.9991376937495	266.9991376937495	b
267.3124536937495	267.3124536937495	b
267.6274146937495	267.6274146937495	db
267.9415506937495	267.9415506937495	b
268.2556866937495	268.2556866937495	b
268.56982269374953	268.56982269374953	db
268.8831386937495	268.8831386937495	b
269.1964546937495	269.1964546937495	b
269.5097706937495	269.5097706937495	db
269.82793976874945	269.82793976874945	b
270.1496952062494	270.1496952062494	b
270.47500201666605	270.47500201666605	db
270.8077729999994	270.8077729999994	b
271.1494994124994	271.1494994124994	b
271.5007654583327	271.5007654583327	db
271.8624212270827	271.8624212270827	b
272.23708163541596	272.23708163541596	b
272.6239435499995	272.6239435499995	db
272.87394118541624	272.87394118541624	b
273.1208781520829	273.1208781520829	b
273.3655668812501	273.3655668812501	db,6/8,7
273.9839958812501	273.9839958812501	b
274.5605493812501	274.5605493812501	db
275.1371028812501	275.1371028812501	b
275.7136563812501	275.7136563812501	db
276.2037483812501	276.2037483812501	b
276.70067288125006	276.70067288125006	db
277.28618188125006	277.28618188125006	b
277.8398228812501	277.8398228812501	db
278.3361463812501	278.3361463812501	b
278.8192503812501	278.8192503812501	db
279.4047593812501	279.4047593812501	b
279.9584003812501	279.9584003812501	db
280.47167288125013	280.47167288125013	b
280.9557818812501	280.9557818812501	db
281.5419633812501	281.5419633812501	b
282.0976218812501	282.0976218812501	db
282.7160508812501	282.7160508812501	b
283.2857433812501	283.2857433812501	db
283.85543588125006	283.85543588125006	b
284.42512838125003	284.42512838125003	db
284.91522038125004	284.91522038125004	b
285.41214488125	285.41214488125	db
285.99765388125	285.99765388125	b
286.55129488125004	286.55129488125004	db
287.04761838125006	287.04761838125006	b
287.53072238125003	287.53072238125003	db
288.07975088125005	288.07975088125005	b
288.6081993812501	288.6081993812501	db
289.1045228812501	289.1045228812501	b
289.58762688125006	289.58762688125006	db
290.13171638125004	290.13171638125004	b
290.64943388125005	290.64943388125005	db
291.26786288125004	291.26786288125004	b
291.84441638125	291.84441638125	db
292.42096988125	292.42096988125	b
292.99752338125	292.99752338125	db
293.48761538125	293.48761538125	b
293.98453988125	293.98453988125	db
294.57004888125	294.57004888125	b
295.12368988125	295.12368988125	db
295.74211888125	295.74211888125	b
296.31867238125	296.31867238125	db
296.89522588125	296.89522588125	b
297.47177938125	297.47177938125	db
297.96187138125	297.96187138125	b
298.45879588124996	298.45879588124996	db
299.04430488124996	299.04430488124996	b
299.59794588125	299.59794588125	db
300.21637488125	300.21637488125	b
300.79292838124996	300.79292838124996	db
301.36948188124995	301.36948188124995	b
301.94603538124994	301.94603538124994	db
302.56446438124993	302.56446438124993	b
303.1410178812499	303.1410178812499	db
303.7175713812499	303.7175713812499	b
304.2941248812499	304.2941248812499	db
304.8904723812499	304.8904723812499	b
305.4673948812499	305.4673948812499	db
306.0637423812499	306.0637423812499	b
306.6406648812499	306.6406648812499	db
307.2323583812499	307.2323583812499	b
307.80743888124994	307.80743888124994	db
308.39913238124996	308.39913238124996	b
308.97421288124997	308.97421288124997	db
309.49145488125	309.49145488125	b
310.01327388125	310.01327388125	db
310.53051588125	310.53051588125	b
311.05391538124996	311.05391538124996	db
311.57115738125	311.57115738125	b
312.09455688124996	312.09455688124996	db
312.61629588125	312.61629588125	b
313.14269338124996	313.14269338124996	db
313.66443238125	313.66443238125	b
314.19082988124995	314.19082988124995	db
314.71408538124996	314.71408538124996	b
315.24149388124994	315.24149388124994	db
315.76323288124996	315.76323288124996	b
316.28963038124994	316.28963038124994	db
316.81288588124994	316.81288588124994	b
317.3402943812499	317.3402943812499	db
317.86507538124994	317.86507538124994	b
318.39350088124996	318.39350088124996	db
318.92684088125	318.92684088125	b
319.46086288124997	319.46086288124997	db
319.99553313124994	319.99553313124994	b
320.56843063124995	320.56843063124995	db
321.11947963124993	321.11947963124993	b
321.67226563124996	321.67226563124996	db
322.22675463124995	322.22675463124995	b
322.78610463124994	322.78610463124994	db
323.33715363125	323.33715363125	b
323.88993963125	323.88993963125	db
324.44442863125	324.44442863125	b
324.99829313124997	324.99829313124997	db
325.54934213125	325.54934213125	b
326.10212813125	326.10212813125	db
326.65661713125	326.65661713125	b
327.20207113125	327.20207113125	db
327.74752513125003	327.74752513125003	b
328.29297913125004	328.29297913125004	db
328.83843313125004	328.83843313125004	b
329.38388713125005	329.38388713125005	db
329.92934113125006	329.92934113125006	b
330.50589463125004	330.50589463125004	db
331.08244813125003	331.08244813125003	b
331.65900163125	331.65900163125	db
332.1490936312501	332.1490936312501	b
332.64601813125006	332.64601813125006	db
333.23152713125006	333.23152713125006	b
333.7851681312501	333.7851681312501	db
334.2814916312501	334.2814916312501	b
334.76459563125013	334.76459563125013	db
335.35010463125013	335.35010463125013	b
335.90374563125016	335.90374563125016	db
336.4000691312502	336.4000691312502	b
336.8831731312502	336.8831731312502	db
337.4686821312502	337.4686821312502	b
338.02232313125023	338.02232313125023	db
338.64592063125025	338.64592063125025	b
339.23223913125025	339.23223913125025	db
340.0176016312503	340.0176016312503	b
340.7770951312503	340.7770951312503	db
341.5365886312503	341.5365886312503	b
342.29608213125033	342.29608213125033	db
342.8779721312503	342.8779721312503	b
343.3610761312503	343.3610761312503	db
343.9465851312503	343.9465851312503	b
344.5002261312503	344.5002261312503	db
345.1186551312503	345.1186551312503	b
345.6883476312503	345.6883476312503	db
346.25804013125025	346.25804013125025	b
346.8277326312502	346.8277326312502	db
347.31782463125023	347.31782463125023	b
347.8147491312502	347.8147491312502	db
348.4002581312502	348.4002581312502	b
348.95389913125024	348.95389913125024	db
349.45022263125026	349.45022263125026	b
349.9333266312502	349.9333266312502	db
350.48235513125024	350.48235513125024	b
351.01080363125027	351.01080363125027	db
351.5071271312503	351.5071271312503	b
351.99023113125025	351.99023113125025	db
352.53432063125024	352.53432063125024	b
353.05203813125024	353.05203813125024	db
353.6483856312502	353.6483856312502	b
354.22530813125024	354.22530813125024	db
354.71540013125025	354.71540013125025	b
355.2123246312502	355.2123246312502	db
355.80559413125025	355.80559413125025	b
356.38251663125027	356.38251663125027	db
356.8726086312503	356.8726086312503	b
357.36953313125025	357.36953313125025	db
357.96280263125027	357.96280263125027	b
358.53972513125024	358.53972513125024	db
359.02981713125024	359.02981713125024	b
359.52470763125024	359.52470763125024	db
360.0125586312502	360.0125586312502	b
360.5074491312502	360.5074491312502	db
360.99845613125024	360.99845613125024	b
361.4953806312502	361.4953806312502	db
362.1146616312502	362.1146616312502	b
362.7339426312502	362.7339426312502	db
363.3532236312502	363.3532236312502	b
363.9725046312502	363.9725046312502	db
364.6138506312502	364.6138506312502	b
365.2551966312502	365.2551966312502	db
365.9511416312502	365.9511416312502	b
366.7089486312502	366.7089486312502	db
367.2058651312502	367.2058651312502	b
367.7154136312502	367.7154136312502	db
368.2144311312502	368.2144311312502	b
368.7215161312502	368.7215161312502	db
369.22934213125023	369.22934213125023	b
369.74687963125024	369.74687963125024	db
370.28631663125026	370.28631663125026	b
370.8642286312502	370.8642286312502	db
371.40144313125023	371.40144313125023	b
371.9447896312502	371.9447896312502	db
372.4853636312502	372.4853636312502	b
373.02707513125023	373.02707513125023	db
373.64518363125023	373.64518363125023	b
374.1901756312502	374.1901756312502	db
374.7351676312502	374.7351676312502	b
375.28015963125017	375.28015963125017	db
375.82515163125015	375.82515163125015	b
376.38589963125014	376.38589963125014	db
376.92970663125016	376.92970663125016	b
377.47351363125017	377.47351363125017	db
378.00137263125015	378.00137263125015	b
378.5292316312501	378.5292316312501	db
379.0570906312501	379.0570906312501	b
379.6025008812501	379.6025008812501	db
380.1350458812501	380.1350458812501	b
380.66759088125013	380.66759088125013	db
381.20013588125016	381.20013588125016	b
381.7326808812502	381.7326808812502	db
