0.0	0.0	db,4/4,10
0.466128	0.466128	b
0.932256	0.932256	b
1.398384	1.398384	b
1.864512	1.864512	db
2.336693	2.336693	b
2.808874	2.808874	b
3.2780285	3.2780285	b
3.752405	3.752405	db
4.224586	4.224586	b
4.696767	4.696767	b
5.1659215000000005	5.1659215000000005	b
5.632049500000001	5.632049500000001	db
6.105363500000001	6.105363500000001	b
6.571491500000001	6.571491500000001	b
7.037619500000002	7.037619500000002	b
7.516343500000001	7.516343500000001	db
7.992647500000001	7.992647500000001	b
8.468951500000001	8.468951500000001	b
8.938192500000001	8.938192500000001	b
9.400370500000001	9.400370500000001	db
9.874603500000001	9.874603500000001	b
10.344784	10.344784	b
10.819017	10.819017	b
11.2891975	11.2891975	db
11.7533425	11.7533425	b
12.217159666666667	12.217159666666667	b
12.68482325	12.68482325	b
13.150278	13.150278	db
13.614423	13.614423	b
14.078568	14.078568	b
14.542713000000001	14.542713000000001	b
15.006858000000001	15.006858000000001	db
15.471003000000001	15.471003000000001	b
15.935148000000002	15.935148000000002	b
16.398637333333333	16.398637333333333	b
16.859516	16.859516	db
17.329662	17.329662	b
17.799808	17.799808	b
18.2669535	18.2669535	b
18.754178875	18.754178875	db
19.231538708333336	19.231538708333336	b
19.732430583333336	19.732430583333336	b
20.251821583333335	20.251821583333335	b
20.717949583333336	20.717949583333336	db
21.192182583333338	21.192182583333338	b
21.66641558333334	21.66641558333334	b
22.14378208333334	22.14378208333334	b
22.636514583333337	22.636514583333337	db
23.117014583333336	23.117014583333336	b
23.597514583333336	23.597514583333336	b
24.063642583333337	24.063642583333337	b
24.529770583333338	24.529770583333338	db
24.992932083333336	24.992932083333336	b
25.452194083333335	25.452194083333335	b
25.91001266666667	25.91001266666667	b
26.372522250000003	26.372522250000003	db
26.855756250000002	26.855756250000002	b
27.33625625	27.33625625	b
27.81675625	27.81675625	b
28.282884250000002	28.282884250000002	db
28.75506525	28.75506525	b
29.22724625	29.22724625	b
29.69340025	29.69340025	b
30.15754525	30.15754525	db
30.634911749999997	30.634911749999997	b
31.10914475	31.10914475	b
31.57581175	31.57581175	b
32.03995675	32.03995675	db
32.51418975	32.51418975	b
32.98842275	32.98842275	b
33.462655749999996	33.462655749999996	b
33.93086125	33.93086125	db
34.39303925	34.39303925	b
34.85521725	34.85521725	b
35.317395250000004	35.317395250000004	b
35.779573250000006	35.779573250000006	db
36.251754250000005	36.251754250000005	b
36.721908750000004	36.721908750000004	b
37.190036750000004	37.190036750000004	b
37.658164750000005	37.658164750000005	db
38.120342750000006	38.120342750000006	b
38.58252075000001	38.58252075000001	b
39.04469875000001	39.04469875000001	b
39.50687675000001	39.50687675000001	db
39.98110975000001	39.98110975000001	b
40.45534275000001	40.45534275000001	b
40.929575750000005	40.929575750000005	b
41.40380875	41.40380875	db
41.86210375	41.86210375	b
42.32595895833334	42.32595895833334	b
42.80858395833334	42.80858395833334	b
43.291208958333335	43.291208958333335	db
43.75733695833333	43.75733695833333	b
44.22346495833333	44.22346495833333	b
44.68959295833333	44.68959295833333	b
45.155720958333326	45.155720958333326	db
45.645319958333324	45.645319958333324	b
46.12083345833332	46.12083345833332	b
46.59101395833332	46.59101395833332	b
47.05714195833332	47.05714195833332	db
47.51935345833332	47.51935345833332	b
47.98548145833332	47.98548145833332	b
48.44769295833332	48.44769295833332	b
48.91382095833332	48.91382095833332	db
49.386081458333315	49.386081458333315	b
49.856227458333315	49.856227458333315	b
50.324364458333314	50.324364458333314	b
50.79049245833331	50.79049245833331	db
51.26067295833331	51.26067295833331	b
51.72385145833331	51.72385145833331	b
52.189979458333305	52.189979458333305	b
52.6561074583333	52.6561074583333	db
53.1273234583333	53.1273234583333	b
53.591476458333304	53.591476458333304	b
54.0576044583333	54.0576044583333	b
54.5237324583333	54.5237324583333	db
54.9949484583333	54.9949484583333	b
55.461076458333295	55.461076458333295	b
55.931300958333296	55.931300958333296	b
56.3954459583333	56.3954459583333	db
56.8635739583333	56.8635739583333	b
57.3277189583333	57.3277189583333	b
57.7918639583333	57.7918639583333	b
58.265174874999964	58.265174874999964	db
58.73130287499997	58.73130287499997	b
59.19743087499997	59.19743087499997	b
59.663558874999964	59.663558874999964	b
60.12968687499996	60.12968687499996	db
60.61469637499996	60.61469637499996	b
61.08892937499996	61.08892937499996	b
61.559109874999955	61.559109874999955	b
62.02132137499996	62.02132137499996	db
62.48353287499996	62.48353287499996	b
62.94574437499996	62.94574437499996	b
63.40795587499996	63.40795587499996	b
63.87408387499996	63.87408387499996	db
64.34831687499997	64.34831687499997	b
64.82254987499996	64.82254987499996	b
65.29173887499996	65.29173887499996	b
65.75588387499997	65.75588387499997	db
66.22002887499997	66.22002887499997	b
66.68319487499997	66.68319487499997	b
67.14342387499997	67.14342387499997	b
67.60365287499997	67.60365287499997	db
68.06291487499996	68.06291487499996	b
68.52607637499996	68.52607637499996	b
68.98956570833329	68.98956570833329	b
69.45446312499996	69.45446312499996	db
69.91622962499996	69.91622962499996	b
70.37645862499996	70.37645862499996	b
70.84660462499996	70.84660462499996	b
71.32710462499996	71.32710462499996	db
71.80760462499997	71.80760462499997	b
72.28810462499997	72.28810462499997	b
72.76860462499998	72.76860462499998	b
73.24910462499999	73.24910462499999	db
73.72333762499998	73.72333762499998	b
74.19757062499998	74.19757062499998	b
74.67180362499998	74.67180362499998	b
75.14603662499998	75.14603662499998	db
75.61216462499998	75.61216462499998	b
76.08295312499997	76.08295312499997	b
76.55309912499997	76.55309912499997	b
77.02324512499997	77.02324512499997	db
77.49747812499997	77.49747812499997	b
77.97171112499997	77.97171112499997	b
78.44594412499997	78.44594412499997	b
78.92017712499997	78.92017712499997	db
79.38630512499996	79.38630512499996	b
79.85655737499997	79.85655737499997	b
80.32873837499997	80.32873837499997	b
80.82638737499997	80.82638737499997	db
81.29856837499997	81.29856837499997	b
81.77074937499998	81.77074937499998	b
82.24293037499999	82.24293037499999	b
82.71511137499999	82.71511137499999	db
83.187292375	83.187292375	b
83.659473375	83.659473375	b
84.13165437500001	84.13165437500001	b
84.60383537500002	84.60383537500002	db
85.06798037500002	85.06798037500002	b
85.53212537500002	85.53212537500002	b
86.01689537500002	86.01689537500002	b
86.51953437500002	86.51953437500002	db
86.99179487500002	86.99179487500002	b
87.45792287500002	87.45792287500002	b
87.92810337500002	87.92810337500002	b
88.39423137500002	88.39423137500002	db
88.87373287500002	88.87373287500002	b
89.35850287500001	89.35850287500001	b
89.83495187500002	89.83495187500002	b
90.30307987500002	90.30307987500002	db
90.77731287500002	90.77731287500002	b
91.25154587500002	91.25154587500002	b
91.72373537500002	91.72373537500002	b
92.19388137500002	92.19388137500002	db
92.66402737500002	92.66402737500002	b
93.13015537500002	93.13015537500002	b
93.60854837500001	93.60854837500001	b
94.11823237500002	94.11823237500002	db
94.60613837500001	94.60613837500001	b
95.07226637500001	95.07226637500001	b
95.54558037500001	95.54558037500001	b
96.01170837500001	96.01170837500001	db
96.48188887500001	96.48188887500001	b
96.94801687500001	96.94801687500001	b
97.414144875	97.414144875	b
97.884325375	97.884325375	db
98.350453375	98.350453375	b
98.820633875	98.820633875	b
99.286761875	99.286761875	b
99.752889875	99.752889875	db
100.225070875	100.225070875	b
100.703546375	100.703546375	b
101.188316375	101.188316375	b
101.688650375	101.688650375	db
102.171881375	102.171881375	b
102.638009375	102.638009375	b
103.111323375	103.111323375	b
103.577451375	103.577451375	db
104.047631875	104.047631875	b
104.51375987499999	104.51375987499999	b
104.97988787499999	104.97988787499999	b
105.45241879166666	105.45241879166666	db
105.91854679166666	105.91854679166666	b
106.39097279166666	106.39097279166666	b
106.85710079166665	106.85710079166665	b
107.32322879166665	107.32322879166665	db
107.79238329166665	107.79238329166665	b
108.26456429166666	108.26456429166666	b
108.73069229166666	108.73069229166666	b
109.19682029166665	109.19682029166665	db
109.63724076666665	109.63724076666665	b
110.06605131666664	110.06605131666664	b
110.50919217499998	110.50919217499998	b
110.97585229999999	110.97585229999999	db
111.45635229999999	111.45635229999999	b
111.93050188333332	111.93050188333332	b
112.40735459166666	112.40735459166666	b
112.89705121666665	112.89705121666665	db
113.36317921666665	113.36317921666665	b
113.83237346666665	113.83237346666665	b
114.30151921666665	114.30151921666665	b
114.77887671666664	114.77887671666664	db
115.26150171666664	115.26150171666664	b
115.74412671666664	115.74412671666664	b
116.23300854999998	116.23300854999998	b
116.73772459166665	116.73772459166665	db
117.25221659166665	117.25221659166665	b
117.79057209166666	117.79057209166666	b
118.33052909166666	118.33052909166666	b
118.87238909166668	118.87238909166668	db
119.46515709166668	119.46515709166668	b
120.12624109166669	120.12624109166669	b
121.06888159166665	121.06888159166665	b
121.53500959166665	121.53500959166665	db
122.00719059166666	122.00719059166666	b
122.47937159166666	122.47937159166666	b
122.94852609166666	122.94852609166666	b
123.42290259166667	123.42290259166667	db
123.89508359166668	123.89508359166668	b
124.36726459166668	124.36726459166668	b
124.83641909166668	124.83641909166668	b
125.30254709166668	125.30254709166668	db
125.77586109166668	125.77586109166668	b
126.24198909166668	126.24198909166668	b
126.70811709166668	126.70811709166668	b
127.18956659166668	127.18956659166668	db
127.66587059166667	127.66587059166667	b
128.14217459166667	128.14217459166667	b
128.61141559166668	128.61141559166668	b
129.07359359166668	129.07359359166668	db
129.53689459166668	129.53689459166668	b
130.00473709166667	130.00473709166667	b
130.47897009166667	130.47897009166667	b
130.94915059166667	130.94915059166667	db
131.41329559166667	131.41329559166667	b
131.87711275833334	131.87711275833334	b
132.34477634166666	132.34477634166666	b
132.81372709166666	132.81372709166666	db
133.27787209166667	133.27787209166667	b
133.74201709166667	133.74201709166667	b
134.20616209166667	134.20616209166667	b
134.68060009166666	134.68060009166666	db
135.14292109166666	135.14292109166666	b
135.60524209166667	135.60524209166667	b
136.068731425	136.068731425	b
136.52961009166668	136.52961009166668	db
136.99975609166668	136.99975609166668	b
137.46990209166668	137.46990209166668	b
137.93704759166667	137.93704759166667	b
138.43198546666667	138.43198546666667	db
138.9093453	138.9093453	b
139.41023717500002	139.41023717500002	b
139.929628175	139.929628175	b
140.395756175	140.395756175	db
140.869989175	140.869989175	b
141.344222175	141.344222175	b
141.821588675	141.821588675	b
142.31432117499998	142.31432117499998	db
142.79482117499998	142.79482117499998	b
143.275321175	143.275321175	b
143.74144917499999	143.74144917499999	b
144.20757717499998	144.20757717499998	db
144.670738675	144.670738675	b
145.130000675	145.130000675	b
145.58781925833333	145.58781925833333	b
146.05032884166667	146.05032884166667	db
146.53356284166668	146.53356284166668	b
147.01406284166669	147.01406284166669	b
147.4945628416667	147.4945628416667	b
147.9606908416667	147.9606908416667	db
148.4328718416667	148.4328718416667	b
148.9050528416667	148.9050528416667	b
149.3712068416667	149.3712068416667	b
149.8353518416667	149.8353518416667	db
150.31271834166668	150.31271834166668	b
150.78695134166668	150.78695134166668	b
151.25361834166668	151.25361834166668	b
151.71776334166668	151.71776334166668	db
152.18011184166667	152.18011184166667	b
152.64602284166668	152.64602284166668	b
153.11193384166668	153.11193384166668	b
153.57597834166668	153.57597834166668	db
154.03815634166668	154.03815634166668	b
154.50033434166667	154.50033434166667	b
154.96251234166667	154.96251234166667	b
155.42469034166666	155.42469034166666	db
155.89687134166667	155.89687134166667	b
156.36702584166667	156.36702584166667	b
156.83515384166668	156.83515384166668	b
157.3032818416667	157.3032818416667	db
157.76545984166668	157.76545984166668	b
158.22763784166668	158.22763784166668	b
158.68981584166667	158.68981584166667	b
159.15199384166667	159.15199384166667	db
159.62622684166666	159.62622684166666	b
160.10045984166666	160.10045984166666	b
160.57469284166666	160.57469284166666	b
161.05223234166667	161.05223234166667	db
161.51052734166666	161.51052734166666	b
161.97438255	161.97438255	b
162.45700755000001	162.45700755000001	b
162.93963255000003	162.93963255000003	db
163.40576055000002	163.40576055000002	b
163.87188855000002	163.87188855000002	b
164.33801655000002	164.33801655000002	b
164.80414455000002	164.80414455000002	db
165.29374355000002	165.29374355000002	b
165.76925705000002	165.76925705000002	b
166.23943755000002	166.23943755000002	b
166.70556555000002	166.70556555000002	db
167.16777705	167.16777705	b
167.63390505	167.63390505	b
168.09611655	168.09611655	b
168.56224455	168.56224455	db
169.03450505	169.03450505	b
169.50465105	169.50465105	b
169.97278805000002	169.97278805000002	b
170.43891605000002	170.43891605000002	db
170.90909655000002	170.90909655000002	b
171.37227505	171.37227505	b
171.83840305	171.83840305	b
172.30453105	172.30453105	db
172.77574705	172.77574705	b
173.23990005000002	173.23990005000002	b
173.70602805000001	173.70602805000001	b
174.17215605	174.17215605	db
174.64337205	174.64337205	b
175.10950005	175.10950005	b
175.57972455	175.57972455	b
176.04386955	176.04386955	db
176.51199755000002	176.51199755000002	b
176.97614255000002	176.97614255000002	b
177.44028755000002	177.44028755000002	b
177.91359846666668	177.91359846666668	db
178.37972646666668	178.37972646666668	b
178.84585446666668	178.84585446666668	b
179.3191154666667	179.3191154666667	b
179.7923764666667	179.7923764666667	db
180.27738596666669	180.27738596666669	b
180.75161896666668	180.75161896666668	b
181.22179946666668	181.22179946666668	b
181.68401096666668	181.68401096666668	db
182.14622246666667	182.14622246666667	b
182.60843396666667	182.60843396666667	b
183.07064546666666	183.07064546666666	b
183.53677346666666	183.53677346666666	db
184.01100646666666	184.01100646666666	b
184.48523946666666	184.48523946666666	b
184.95442846666666	184.95442846666666	b
185.41857346666666	185.41857346666666	db
185.87055146666665	185.87055146666665	b
186.32969821666666	186.32969821666666	b
186.78992721666665	186.78992721666665	b
187.25015621666665	187.25015621666665	db
187.70941821666665	187.70941821666665	b
188.17257971666666	188.17257971666666	b
188.63606905	188.63606905	b
189.10096646666668	189.10096646666668	db
189.5627329666667	189.5627329666667	b
190.02296196666668	190.02296196666668	b
190.49310796666668	190.49310796666668	b
190.9736079666667	190.9736079666667	db
191.4541079666667	191.4541079666667	b
191.9346079666667	191.9346079666667	b
192.4151079666667	192.4151079666667	b
192.89560796666672	192.89560796666672	db
193.36984096666671	193.36984096666671	b
193.8440739666667	193.8440739666667	b
194.3183069666667	194.3183069666667	b
194.7925399666667	194.7925399666667	db
195.2586679666667	195.2586679666667	b
195.7294564666667	195.7294564666667	b
196.1996024666667	196.1996024666667	b
196.6697484666667	196.6697484666667	db
197.1295417166667	197.1295417166667	b
197.6028027166667	197.6028027166667	b
198.0697224666667	198.0697224666667	b
198.5392794666667	198.5392794666667	db
199.0054074666667	199.0054074666667	b
199.47565971666668	199.47565971666668	b
199.9478407166667	199.9478407166667	b
200.44791921666666	200.44791921666666	db
200.9201002166667	200.9201002166667	b
201.3922812166667	201.3922812166667	b
201.8644622166667	201.8644622166667	b
202.33664321666672	202.33664321666672	db
202.80882421666672	202.80882421666672	b
203.28100521666673	203.28100521666673	b
203.75318621666673	203.75318621666673	b
204.22536721666674	204.22536721666674	db
204.68951221666674	204.68951221666674	b
205.15365721666674	205.15365721666674	b
205.63842721666674	205.63842721666674	b
206.14106621666673	206.14106621666673	db
206.61332671666673	206.61332671666673	b
207.07945471666673	207.07945471666673	b
207.54963521666673	207.54963521666673	b
208.01576321666673	208.01576321666673	db
208.49526471666672	208.49526471666672	b
208.98003471666672	208.98003471666672	b
209.45648371666672	209.45648371666672	b
209.92461171666673	209.92461171666673	db
210.39884471666673	210.39884471666673	b
210.87307771666673	210.87307771666673	b
211.34526721666674	211.34526721666674	b
211.81541321666674	211.81541321666674	db
212.28555921666674	212.28555921666674	b
212.75168721666674	212.75168721666674	b
213.23008021666675	213.23008021666675	b
213.73976421666674	213.73976421666674	db
214.22767021666675	214.22767021666675	b
214.69379821666675	214.69379821666675	b
215.16711221666674	215.16711221666674	b
215.63324021666674	215.63324021666674	db
216.10342071666673	216.10342071666673	b
216.56954871666673	216.56954871666673	b
217.03567671666673	217.03567671666673	b
217.50585721666673	217.50585721666673	db
217.97198521666672	217.97198521666672	b
218.44216571666672	218.44216571666672	b
218.90829371666672	218.90829371666672	b
219.37442171666672	219.37442171666672	db
219.8314667166667	219.8314667166667	b
220.3118967166667	220.3118967166667	b
220.7966667166667	220.7966667166667	b
221.2970007166667	221.2970007166667	db
221.78023171666672	221.78023171666672	b
222.24635971666672	222.24635971666672	b
222.7196737166667	222.7196737166667	b
223.1858017166667	223.1858017166667	db
223.6559822166667	223.6559822166667	b
224.1221102166667	224.1221102166667	b
224.5882382166667	224.5882382166667	b
225.06076913333337	225.06076913333337	db
225.52689713333336	225.52689713333336	b
225.99932313333335	225.99932313333335	b
226.46545113333335	226.46545113333335	b
226.93157913333334	226.93157913333334	db
227.40073363333335	227.40073363333335	b
227.87291463333335	227.87291463333335	b
228.33904263333335	228.33904263333335	b
228.80566870833334	228.80566870833334	db
229.25202953958336	229.25202953958336	b
229.68084008958337	229.68084008958337	b
230.1239809479167	230.1239809479167	b
230.59064107291667	230.59064107291667	db
231.07114107291667	231.07114107291667	b
231.54529065625002	231.54529065625002	b
232.02214336458334	232.02214336458334	b
232.51183998958334	232.51183998958334	db
232.97796798958336	232.97796798958336	b
233.44716223958335	233.44716223958335	b
233.91630798958334	233.91630798958334	b
234.39366548958333	234.39366548958333	db
234.8762904895833	234.8762904895833	b
235.35891548958332	235.35891548958332	b
235.84779732291665	235.84779732291665	b
236.3525133645833	236.3525133645833	db
236.8670053645833	236.8670053645833	b
237.40536086458326	237.40536086458326	b
237.94531786458327	237.94531786458327	b
238.48717786458326	238.48717786458326	db
239.07994586458324	239.07994586458324	b
239.7410298645832	239.7410298645832	b
240.68367036458238	240.68367036458238	b
241.14979836458335	241.14979836458335	db
241.62197936458335	241.62197936458335	b
242.09416036458336	242.09416036458336	b
242.56331486458336	242.56331486458336	b
243.02944286458336	243.02944286458336	db
243.50162386458337	243.50162386458337	b
243.97380486458337	243.97380486458337	b
244.44598586458338	244.44598586458338	b
244.91211386458338	244.91211386458338	db
245.38634686458337	245.38634686458337	b
245.86057986458337	245.86057986458337	b
246.33176036458337	246.33176036458337	b
246.79988836458338	246.79988836458338	db
247.27412136458338	247.27412136458338	b
247.74835436458338	247.74835436458338	b
248.21853486458338	248.21853486458338	b
248.69506586458337	248.69506586458337	db
249.16929886458337	249.16929886458337	b
249.65207536458337	249.65207536458337	b
250.12630836458337	250.12630836458337	b
250.60689186458336	250.60689186458336	db
251.08112486458336	251.08112486458336	b
251.55535786458336	251.55535786458336	b
252.03813436458336	252.03813436458336	b
252.51236736458335	252.51236736458335	db
252.97849536458335	252.97849536458335	b
253.44462336458335	253.44462336458335	b
253.94267236458333	253.94267236458333	b
254.45235636458332	254.45235636458332	db
254.92658936458335	254.92658936458335	b
255.40082236458335	255.40082236458335	b
255.87505536458335	255.87505536458335	b
256.34928836458334	256.34928836458334	db
256.83120436458336	256.83120436458336	b
257.30915836458337	257.30915836458337	b
257.7833913645834	257.7833913645834	b
258.2576243645834	258.2576243645834	db
258.7405903645834	258.7405903645834	b
259.2107363645834	259.2107363645834	b
259.6808823645834	259.6808823645834	b
260.1510283645834	260.1510283645834	db
260.6211743645834	260.6211743645834	b
261.0913203645834	261.0913203645834	b
261.5614663645834	261.5614663645834	b
262.0367893645834	262.0367893645834	db
262.5172893645834	262.5172893645834	b
262.9977893645834	262.9977893645834	b
263.4690103645834	263.4690103645834	b
263.9371383645834	263.9371383645834	db
264.41089836458343	264.41089836458343	b
264.87702636458346	264.87702636458346	b
265.3507863645835	265.3507863645835	b
265.8169143645835	265.8169143645835	db
266.2890953645835	266.2890953645835	b
266.76127636458347	266.76127636458347	b
267.2274043645835	267.2274043645835	b
267.6935323645835	267.6935323645835	db
268.15966036458354	268.15966036458354	b
268.6295874062502	268.6295874062502	b
269.1058974062502	269.1058974062502	b
269.5760490729169	269.5760490729169	db
270.0587125729169	270.0587125729169	b
270.53710557291686	270.53710557291686	b
271.01549857291684	271.01549857291684	b
271.4938915729168	271.4938915729168	db
271.9722845729168	271.9722845729168	b
272.4506775729168	272.4506775729168	b
272.9168055729168	272.9168055729168	b
273.38293357291684	273.38293357291684	db
273.8582603229168	273.8582603229168	b
274.3366533229168	274.3366533229168	b
274.8027813229168	274.8027813229168	b
275.26890932291684	275.26890932291684	db
275.73603732291684	275.73603732291684	b
276.20720082291683	276.20720082291683	b
276.6867023229168	276.6867023229168	b
277.1714723229168	277.1714723229168	db
277.6530398229168	277.6530398229168	b
278.1335398229168	278.1335398229168	b
278.59966782291684	278.59966782291684	b
279.06579582291687	279.06579582291687	db
279.53318623958353	279.53318623958353	b
280.0096809895835	280.0096809895835	b
280.4923059895835	280.4923059895835	b
280.97493098958347	280.97493098958347	db
281.45881898958345	281.45881898958345	b
281.9427069895835	281.9427069895835	b
282.4179754895835	282.4179754895835	b
282.89427948958354	282.89427948958354	db
283.36852198958354	283.36852198958354	b
283.8437904895835	283.8437904895835	b
284.3232369895835	284.3232369895835	b
284.8070246562502	284.8070246562502	db
285.2939586562502	285.2939586562502	b
285.7808926562502	285.7808926562502	b
286.26371023958353	286.26371023958353	b
286.7496535729168	286.7496535729168	db
287.23442357291685	287.23442357291685	b
287.7191935729169	287.7191935729169	b
288.1976140729169	288.1976140729169	b
288.6834650729169	288.6834650729169	db
289.1682350729169	289.1682350729169	b
289.6530050729169	289.6530050729169	b
290.14268757291694	290.14268757291694	b
290.61899157291697	290.61899157291697	db
291.10376157291694	291.10376157291694	b
291.58853157291696	291.58853157291696	b
292.066952072917	292.066952072917	b
292.543256072917	292.543256072917	db
293.022278572917	293.022278572917	b
293.49651157291703	293.49651157291703	b
293.97446557291704	293.97446557291704	b
294.44869857291707	294.44869857291707	db
294.92610682291706	294.92610682291706	b
295.40660682291707	295.40660682291707	b
295.89471107291706	295.89471107291706	b
296.37737457291706	296.37737457291706	db
296.8721000729171	296.8721000729171	b
297.3724340729171	297.3724340729171	b
297.94640707291705	297.94640707291705	b
298.4125350729171	298.4125350729171	db
298.88471607291706	298.88471607291706	b
299.35689707291704	299.35689707291704	b
299.82605157291704	299.82605157291704	b
300.30042807291704	300.30042807291704	db
300.772609072917	300.772609072917	b
301.244790072917	301.244790072917	b
301.713944572917	301.713944572917	b
302.180072572917	302.180072572917	db
302.65338657291704	302.65338657291704	b
303.11951457291707	303.11951457291707	b
303.5856425729171	303.5856425729171	b
304.0643665729171	304.0643665729171	db
304.5406705729171	304.5406705729171	b
305.01697457291715	305.01697457291715	b
305.48621557291716	305.48621557291716	b
305.94839357291715	305.94839357291715	db
306.4226265729172	306.4226265729172	b
306.8928070729172	306.8928070729172	b
307.36704007291723	307.36704007291723	b
307.83722057291726	307.83722057291726	db
308.30136557291723	308.30136557291723	b
308.7651827395839	308.7651827395839	b
309.2328463229172	309.2328463229172	b
309.6983010729172	309.6983010729172	db
310.1624460729172	310.1624460729172	b
310.62659107291717	310.62659107291717	b
311.09073607291714	311.09073607291714	b
311.5548810729171	311.5548810729171	db
312.0190260729171	312.0190260729171	b
312.48317107291706	312.48317107291706	b
312.9466604062504	312.9466604062504	b
313.407539072917	313.407539072917	db
313.877685072917	313.877685072917	b
314.347831072917	314.347831072917	b
314.81497657291703	314.81497657291703	b
315.302201947917	315.302201947917	db
315.7795617812504	315.7795617812504	b
316.28045365625036	316.28045365625036	b
316.79984465625034	316.79984465625034	b
317.3192356562503	317.3192356562503	db
317.79346865625035	317.79346865625035	b
318.2677016562504	318.2677016562504	b
318.7450681562504	318.7450681562504	b
319.2255681562504	319.2255681562504	db
319.7125021562504	319.7125021562504	b
320.19943615625044	320.19943615625044	b
320.67899365625044	320.67899365625044	b
321.1511746562504	321.1511746562504	db
321.61730265625044	321.61730265625044	b
322.08343065625047	322.08343065625047	b
322.5495586562505	322.5495586562505	b
323.02254040625047	323.02254040625047	db
323.5094744062505	323.5094744062505	b
323.9964084062505	323.9964084062505	b
324.48334240625053	324.48334240625053	b
324.95348840625053	324.95348840625053	db
325.43825840625055	325.43825840625055	b
325.9230284062506	325.9230284062506	b
326.41558040625057	326.41558040625057	b
326.9003504062506	326.9003504062506	db
327.3851204062506	327.3851204062506	b
327.86989040625065	327.86989040625065	b
328.3493919062507	328.3493919062507	b
328.8324876562507	328.8324876562507	db
329.3216046562507	329.3216046562507	b
329.81072165625073	329.81072165625073	b
330.2913706562507	330.2913706562507	b
330.7635516562507	330.7635516562507	db
331.23573265625066	331.23573265625066	b
331.70791365625064	331.70791365625064	b
332.1755549062506	332.1755549062506	b
332.64168290625065	332.64168290625065	db
333.12011190625066	333.12011190625066	b
333.5943449062507	333.5943449062507	b
334.0624991562507	334.0624991562507	b
334.5286271562507	334.5286271562507	db
335.00286015625073	335.00286015625073	b
335.47304065625076	335.47304065625076	b
335.9472736562508	335.9472736562508	b
336.4154791562508	336.4154791562508	db
336.8776571562508	336.8776571562508	b
337.3398351562508	337.3398351562508	b
337.8020131562508	337.8020131562508	b
338.2641911562508	338.2641911562508	db
338.73637215625075	338.73637215625075	b
339.20652665625073	339.20652665625073	b
339.6746546562507	339.6746546562507	b
340.1427826562507	340.1427826562507	db
340.6049606562507	340.6049606562507	b
341.0671386562507	341.0671386562507	b
341.52931665625067	341.52931665625067	b
341.99149465625067	341.99149465625067	db
342.4657276562507	342.4657276562507	b
342.9399606562507	342.9399606562507	b
343.41419365625075	343.41419365625075	b
343.8884266562507	343.8884266562507	db
344.3525716562507	344.3525716562507	b
344.8270289062507	344.8270289062507	b
345.3161459062507	345.3161459062507	b
345.8052629062507	345.8052629062507	db
346.2713909062507	346.2713909062507	b
346.7375189062507	346.7375189062507	b
347.20364690625075	347.20364690625075	b
347.6697749062508	347.6697749062508	db
348.1593739062508	348.1593739062508	b
348.63488740625075	348.63488740625075	b
349.1050679062507	349.1050679062507	b
349.5711959062507	349.5711959062507	db
350.0334074062507	350.0334074062507	b
350.4995354062507	350.4995354062507	b
350.9617469062507	350.9617469062507	b
351.42787490625074	351.42787490625074	db
351.90013540625074	351.90013540625074	b
352.37028140625074	352.37028140625074	b
352.83841840625075	352.83841840625075	b
353.3045464062508	353.3045464062508	db
353.77472690625075	353.77472690625075	b
354.2379054062508	354.2379054062508	b
354.7040334062508	354.7040334062508	b
355.1701614062508	355.1701614062508	db
355.6413774062508	355.6413774062508	b
356.1055304062508	356.1055304062508	b
356.57165840625083	356.57165840625083	b
357.03778640625086	357.03778640625086	db
357.50900240625083	357.50900240625083	b
357.97513040625086	357.97513040625086	b
358.4453549062508	358.4453549062508	b
358.90949990625086	358.90949990625086	db
359.37762790625084	359.37762790625084	b
359.8417729062508	359.8417729062508	b
360.3059179062508	360.3059179062508	b
360.77922882291745	360.77922882291745	db
361.2453568229175	361.2453568229175	b
361.7114848229175	361.7114848229175	b
362.1776128229175	362.1776128229175	b
362.64374082291755	362.64374082291755	db
363.12875032291754	363.12875032291754	b
363.60298332291757	363.60298332291757	b
364.07316382291754	364.07316382291754	b
364.5353753229175	364.5353753229175	db
364.9975868229175	364.9975868229175	b
365.4597983229175	365.4597983229175	b
365.9220098229175	365.9220098229175	b
366.38813782291754	366.38813782291754	db
366.86237082291757	366.86237082291757	b
367.3366038229176	367.3366038229176	b
367.80579282291757	367.80579282291757	b
368.26993782291754	368.26993782291754	db
368.7340828229175	368.7340828229175	b
369.1972488229175	369.1972488229175	b
369.65747782291754	369.65747782291754	b
370.11770682291757	370.11770682291757	db
370.5769688229176	370.5769688229176	b
371.0401303229176	371.0401303229176	b
371.5036196562509	371.5036196562509	b
371.96851707291756	371.96851707291756	db
372.4302835729176	372.4302835729176	b
372.8905125729176	372.8905125729176	b
373.3606585729176	373.3606585729176	b
373.8411585729176	373.8411585729176	db
374.3216585729176	374.3216585729176	b
374.8021585729176	374.8021585729176	b
375.2826585729176	375.2826585729176	b
375.76315857291763	375.76315857291763	db
376.23739157291766	376.23739157291766	b
376.7116245729177	376.7116245729177	b
377.1858575729177	377.1858575729177	b
377.6600905729177	377.6600905729177	db
378.1262185729177	378.1262185729177	b
378.59700707291773	378.59700707291773	b
379.06715307291773	379.06715307291773	b
379.53729907291773	379.53729907291773	db
380.01153207291776	380.01153207291776	b
380.4857650729178	380.4857650729178	b
380.9599980729178	380.9599980729178	b
381.4342310729178	381.4342310729178	db
381.9003590729178	381.9003590729178	b
382.3706113229178	382.3706113229178	b
382.8427923229178	382.8427923229178	b
383.3404413229178	383.3404413229178	db
383.8126223229178	383.8126223229178	b
384.28480332291775	384.28480332291775	b
384.75698432291773	384.75698432291773	b
385.2291653229177	385.2291653229177	db
385.7013463229177	385.7013463229177	b
386.17352732291766	386.17352732291766	b
386.64570832291764	386.64570832291764	b
387.1178893229176	387.1178893229176	db
387.5820343229176	387.5820343229176	b
388.0461793229176	388.0461793229176	b
388.53094932291765	388.53094932291765	b
389.03358832291764	389.03358832291764	db
389.50584882291764	389.50584882291764	b
389.97197682291767	389.97197682291767	b
390.44215732291764	390.44215732291764	b
390.90828532291766	390.90828532291766	db
391.37950132291763	391.37950132291763	b
391.84562932291766	391.84562932291766	b
392.3229958229177	392.3229958229177	b
392.8034958229177	392.8034958229177	db
393.27367632291765	393.27367632291765	b
393.7398043229177	393.7398043229177	b
394.21509132291766	394.21509132291766	b
394.68727232291764	394.68727232291764	db
395.1605328229176	395.1605328229176	b
395.6286608229176	395.6286608229176	b
396.09888532291757	396.09888532291757	b
396.5630303229176	396.5630303229176	db
397.03424632291757	397.03424632291757	b
397.5003743229176	397.5003743229176	b
397.9809113229176	397.9809113229176	b
398.46568132291765	398.46568132291765	db
398.95479832291767	398.95479832291767	b
399.4439153229177	399.4439153229177	b
399.9265403229177	399.9265403229177	b
400.40916532291766	400.40916532291766	db
400.88755832291764	400.88755832291764	b
401.3659513229176	401.3659513229176	b
401.84225532291765	401.84225532291765	b
402.3185593229176	402.3185593229176	db
402.7927923229176	402.7927923229176	b
403.2629383229176	403.2629383229176	b
403.7251163229176	403.7251163229176	b
404.1795933229176	404.1795933229176	db
404.6416338229176	404.6416338229176	b
405.10174732291756	405.10174732291756	b
405.56281657291754	405.56281657291754	b
406.01729357291754	406.01729357291754	db
406.48701457291753	406.48701457291753	b
406.95314257291756	406.95314257291756	b
407.4294465729176	407.4294465729176	b
407.9057505729176	407.9057505729176	db
408.3769665729176	408.3769665729176	b
408.8430945729176	408.8430945729176	b
409.3164085729176	409.3164085729176	b
409.78253657291765	409.78253657291765	db
410.2527170729176	410.2527170729176	b
410.71884507291765	410.71884507291765	b
411.18497307291767	411.18497307291767	b
411.6551535729177	411.6551535729177	db
412.1212815729177	412.1212815729177	b
412.59146207291775	412.59146207291775	b
413.0575900729178	413.0575900729178	b
413.5237180729178	413.5237180729178	db
413.99589907291784	413.99589907291784	b
414.47437457291784	414.47437457291784	b
414.95914457291786	414.95914457291786	b
415.4594785729179	415.4594785729179	db
415.9427095729178	415.9427095729178	b
416.40883757291783	416.40883757291783	b
416.8821515729178	416.8821515729178	b
417.3482795729178	417.3482795729178	db
417.8184600729178	417.8184600729178	b
418.2845880729178	418.2845880729178	b
418.75071607291784	418.75071607291784	b
419.2232469895845	419.2232469895845	db
419.6893749895845	419.6893749895845	b
420.1618009895845	420.1618009895845	b
420.6279289895845	420.6279289895845	b
421.09405698958454	421.09405698958454	db
421.56321148958455	421.56321148958455	b
422.0353924895845	422.0353924895845	b
422.50143786458455	422.50143786458455	b
422.9638637812512	422.9638637812512	db
423.4027917395845	423.4027917395845	b
423.83748679791785	423.83748679791785	b
424.3028123479179	424.3028123479179	b
424.7780900979179	424.7780900979179	db
425.25859009791793	425.25859009791793	b
425.73273968125125	425.73273968125125	b
426.2095923895846	426.2095923895846	b
426.69928901458456	426.69928901458456	db
427.1654170145846	427.1654170145846	b
427.6346112645846	427.6346112645846	b
428.1037570145846	428.1037570145846	b
428.58111451458456	428.58111451458456	db
429.06373951458454	429.06373951458454	b
429.5463645145845	429.5463645145845	b
430.03524634791785	430.03524634791785	b
430.5399623895845	430.5399623895845	db
431.0544543895845	431.0544543895845	b
431.59280988958454	431.59280988958454	b
432.13276688958456	432.13276688958456	b
432.6746268895846	432.6746268895846	db
433.26739488958464	433.26739488958464	b
433.92847888958465	433.92847888958465	b
434.8711193895845	434.8711193895845	b
435.33724738958455	435.33724738958455	db
435.8094283895845	435.8094283895845	b
436.2816093895845	436.2816093895845	b
436.7507638895845	436.7507638895845	b
437.21689188958453	437.21689188958453	db
437.6890728895845	437.6890728895845	b
438.1612538895845	438.1612538895845	b
438.63343488958446	438.63343488958446	b
439.0995628895845	439.0995628895845	db
439.5737958895845	439.5737958895845	b
440.04802888958454	440.04802888958454	b
440.51920938958455	440.51920938958455	b
440.9873373895845	440.9873373895845	db
441.46157038958455	441.46157038958455	b
441.9358033895846	441.9358033895846	b
442.40598388958455	442.40598388958455	b
442.88251488958457	442.88251488958457	db
443.35674788958454	443.35674788958454	b
443.83005988958456	443.83005988958456	b
444.30429288958453	444.30429288958453	b
444.7736973895845	444.7736973895845	db
445.24793038958455	445.24793038958455	b
445.7221633895846	445.7221633895846	b
446.2049398895846	446.2049398895846	b
446.67917288958455	446.67917288958455	db
447.1453008895846	447.1453008895846	b
447.6114288895846	447.6114288895846	b
448.1001078895846	448.1001078895846	b
448.61389488958457	448.61389488958457	db
449.0881278895846	449.0881278895846	b
449.5623608895846	449.5623608895846	b
450.03659388958465	450.03659388958465	b
450.5108268895847	450.5108268895847	db
450.9927428895847	450.9927428895847	b
451.4706968895847	451.4706968895847	b
451.9449298895847	451.9449298895847	b
452.41916288958475	452.41916288958475	db
452.90212888958473	452.90212888958473	b
453.37227488958473	453.37227488958473	b
453.84242088958473	453.84242088958473	b
454.31256688958473	454.31256688958473	db
454.78271288958473	454.78271288958473	b
455.25285888958473	455.25285888958473	b
455.72300488958473	455.72300488958473	b
456.20442388958475	456.20442388958475	db
456.67680313958476	456.67680313958476	b
457.1463601395848	457.1463601395848	b
457.6148453895848	457.6148453895848	b
458.0829733895848	458.0829733895848	db
458.5567333895848	458.5567333895848	b
459.0228613895848	459.0228613895848	b
459.4966213895848	459.4966213895848	b
459.9627493895848	459.9627493895848	db
460.4349303895848	460.4349303895848	b
460.90711138958477	460.90711138958477	b
461.3732393895848	461.3732393895848	b
461.8393673895848	461.8393673895848	db
462.30549538958485	462.30549538958485	b
462.7754224312515	462.7754224312515	b
463.2517324312515	463.2517324312515	b
463.72188409791823	463.72188409791823	db
464.20454759791824	464.20454759791824	b
464.6829405979182	464.6829405979182	b
465.1613335979182	465.1613335979182	b
465.6397265979182	465.6397265979182	db
466.11811959791817	466.11811959791817	b
466.59651259791815	466.59651259791815	b
467.0626405979182	467.0626405979182	b
467.52876859791826	467.52876859791826	db
468.0193965979182	468.0193965979182	b
468.4977895979182	468.4977895979182	b
468.9639175979182	468.9639175979182	b
469.43004559791825	469.43004559791825	db
469.89717359791825	469.89717359791825	b
470.36833709791824	470.36833709791824	b
470.84783859791827	470.84783859791827	b
471.3326085979183	471.3326085979183	db
471.8141760979183	471.8141760979183	b
472.2946760979183	472.2946760979183	b
472.7608040979183	472.7608040979183	b
473.22693209791834	473.22693209791834	db
473.694322514585	473.694322514585	b
474.170817264585	474.170817264585	b
474.653442264585	474.653442264585	b
475.136067264585	475.136067264585	db
475.61995526458503	475.61995526458503	b
476.103843264585	476.103843264585	b
476.57911176458504	476.57911176458504	b
477.05541576458506	477.05541576458506	db
477.52965826458507	477.52965826458507	b
478.0049267645851	478.0049267645851	b
478.4843732645851	478.4843732645851	b
478.96816093125176	478.96816093125176	db
479.4550949312518	479.4550949312518	b
479.9420289312518	479.9420289312518	b
480.4248465145851	480.4248465145851	b
480.91078984791847	480.91078984791847	db
481.3955598479185	481.3955598479185	b
481.8803298479185	481.8803298479185	b
482.3587503479185	482.3587503479185	b
482.8446013479185	482.8446013479185	db
483.32937134791854	483.32937134791854	b
483.81414134791856	483.81414134791856	b
484.3038238479185	484.3038238479185	b
484.78012784791855	484.78012784791855	db
485.2648978479186	485.2648978479186	b
485.7496678479186	485.7496678479186	b
486.2280883479186	486.2280883479186	b
486.7043923479186	486.7043923479186	db
487.1834148479186	487.1834148479186	b
487.6576478479186	487.6576478479186	b
488.1356018479186	488.1356018479186	b
488.60983484791865	488.60983484791865	db
489.08724309791864	489.08724309791864	b
489.56774309791865	489.56774309791865	b
490.05584734791864	490.05584734791864	b
490.53851084791864	490.53851084791864	db
491.03323634791866	491.03323634791866	b
491.5335703479187	491.5335703479187	b
492.1398258479186	492.1398258479186	b
492.6059538479186	492.6059538479186	db
493.0781348479186	493.0781348479186	b
493.55031584791857	493.55031584791857	b
494.01947034791857	494.01947034791857	b
494.4938468479186	494.4938468479186	db
494.96602784791855	494.96602784791855	b
495.43820884791853	495.43820884791853	b
495.90736334791853	495.90736334791853	b
496.37349134791856	496.37349134791856	db
496.8468053479186	496.8468053479186	b
497.3129333479186	497.3129333479186	b
497.7790613479186	497.7790613479186	b
498.2577853479186	498.2577853479186	db
498.73408934791865	498.73408934791865	b
499.2103933479187	499.2103933479187	b
499.67963434791864	499.67963434791864	b
500.14181234791863	500.14181234791863	db
500.61604534791866	500.61604534791866	b
501.0862258479187	501.0862258479187	b
501.5604588479187	501.5604588479187	b
502.0306393479187	502.0306393479187	db
502.49478434791865	502.49478434791865	b
502.9586015145853	502.9586015145853	b
503.42626509791864	503.42626509791864	b
503.89171984791864	503.89171984791864	db
504.3558648479186	504.3558648479186	b
504.8200098479186	504.8200098479186	b
505.28415484791856	505.28415484791856	b
505.74829984791853	505.74829984791853	db
506.2124448479185	506.2124448479185	b
506.6765898479185	506.6765898479185	b
507.1400791812518	507.1400791812518	b
507.6009578479185	507.6009578479185	db
508.0711038479185	508.0711038479185	b
508.5412498479185	508.5412498479185	b
509.0083953479185	509.0083953479185	b
509.49562072291855	509.49562072291855	db
509.9729805562519	509.9729805562519	b
510.47387243125195	510.47387243125195	b
510.99326343125193	510.99326343125193	b
511.49263018125185	511.49263018125185	db
511.9668631812519	511.9668631812519	b
512.4410961812519	512.4410961812519	b
512.9184626812519	512.9184626812519	b
513.4070981812519	513.4070981812519	db
513.8940321812519	513.8940321812519	b
514.3809661812519	514.3809661812519	b
514.8605236812518	514.8605236812518	b
515.3327046812518	515.3327046812518	db
515.7988326812518	515.7988326812518	b
516.2649606812519	516.2649606812519	b
516.7310886812519	516.7310886812519	b
517.2102406812519	517.2102406812519	db
517.6971746812519	517.6971746812519	b
518.1841086812519	518.1841086812519	b
518.671042681252	518.671042681252	b
519.141188681252	519.141188681252	db
519.625958681252	519.625958681252	b
520.110728681252	520.110728681252	b
520.6032806812519	520.6032806812519	b
521.088050681252	521.088050681252	db
521.572820681252	521.572820681252	b
522.057590681252	522.057590681252	b
522.537092181252	522.537092181252	b
523.031939431252	523.031939431252	db
523.521056431252	523.521056431252	b
524.0101734312519	524.0101734312519	b
524.4908224312519	524.4908224312519	b
524.9630034312519	524.9630034312519	db
525.4351844312519	525.4351844312519	b
525.9073654312518	525.9073654312518	b
526.3750066812519	526.3750066812519	b
526.8411346812519	526.8411346812519	db
527.3195636812519	527.3195636812519	b
527.7937966812519	527.7937966812519	b
528.2619509312519	528.2619509312519	b
528.728078931252	528.728078931252	db
529.202311931252	529.202311931252	b
529.672492431252	529.672492431252	b
530.146725431252	530.146725431252	b
530.6149309312519	530.6149309312519	db
531.0771089312519	531.0771089312519	b
531.5392869312519	531.5392869312519	b
532.0014649312519	532.0014649312519	b
532.4636429312519	532.4636429312519	db
532.9358239312519	532.9358239312519	b
533.4059784312519	533.4059784312519	b
533.8741064312519	533.8741064312519	b
534.3422344312519	534.3422344312519	db
534.8044124312519	534.8044124312519	b
535.2665904312519	535.2665904312519	b
535.7287684312519	535.7287684312519	b
536.1909464312519	536.1909464312519	db
536.6651794312519	536.6651794312519	b
537.1394124312519	537.1394124312519	b
537.6136454312519	537.6136454312519	b
538.087878431252	538.087878431252	db
538.552023431252	538.552023431252	b
539.026480681252	539.026480681252	b
539.515597681252	539.515597681252	b
540.0047146812519	540.0047146812519	db
540.470842681252	540.470842681252	b
540.936970681252	540.936970681252	b
541.403098681252	541.403098681252	b
541.869226681252	541.869226681252	db
542.3660486812521	542.3660486812521	b
542.841562181252	542.841562181252	b
543.311742681252	543.311742681252	b
543.777870681252	543.777870681252	db
544.240082181252	544.240082181252	b
544.706210181252	544.706210181252	b
545.168421681252	545.168421681252	b
545.634549681252	545.634549681252	db
546.1068101812521	546.1068101812521	b
546.5769561812521	546.5769561812521	b
547.045093181252	547.045093181252	b
547.511221181252	547.511221181252	db
547.981401681252	547.981401681252	b
548.444580181252	548.444580181252	b
548.9107081812521	548.9107081812521	b
549.3768361812521	549.3768361812521	db
549.8480521812521	549.8480521812521	b
550.3122051812521	550.3122051812521	b
550.7783331812522	550.7783331812522	b
551.2444611812522	551.2444611812522	db
551.7156771812522	551.7156771812522	b
552.1818051812522	552.1818051812522	b
552.6520296812522	552.6520296812522	b
553.1161746812522	553.1161746812522	db
553.5843026812522	553.5843026812522	b
554.0484476812522	554.0484476812522	b
554.5125926812523	554.5125926812523	b
554.985903597919	554.985903597919	db
555.452031597919	555.452031597919	b
555.918159597919	555.918159597919	b
556.3842875979191	556.3842875979191	b
556.8616910979191	556.8616910979191	db
557.3467005979192	557.3467005979192	b
557.8209335979192	557.8209335979192	b
558.2911140979191	558.2911140979191	b
558.7533255979191	558.7533255979191	db
559.2155370979191	559.2155370979191	b
559.677748597919	559.677748597919	b
560.139960097919	560.139960097919	b
560.606088097919	560.606088097919	db
561.0803210979191	561.0803210979191	b
561.5545540979191	561.5545540979191	b
562.0237430979191	562.0237430979191	b
562.4878880979192	562.4878880979192	db
562.9520330979192	562.9520330979192	b
563.4151990979192	563.4151990979192	b
563.8754280979192	563.8754280979192	b
564.3356570979192	564.3356570979192	db
564.7949190979192	564.7949190979192	b
565.2580805979192	565.2580805979192	b
565.7215699312525	565.7215699312525	b
566.1864673479191	566.1864673479191	db
566.6434188479192	566.6434188479192	b
567.0948495979192	567.0948495979192	b
567.5649955979192	567.5649955979192	b
568.0454955979192	568.0454955979192	db
568.5259955979192	568.5259955979192	b
569.0064955979192	569.0064955979192	b
569.4869955979192	569.4869955979192	b
569.9674955979192	569.9674955979192	db
570.4417285979192	570.4417285979192	b
570.9159615979192	570.9159615979192	b
571.3901945979193	571.3901945979193	b
571.8644275979193	571.8644275979193	db
572.3305555979193	572.3305555979193	b
572.8013440979194	572.8013440979194	b
573.2714900979194	573.2714900979194	b
573.7416360979194	573.7416360979194	db
574.2040665979193	574.2040665979193	b
574.6736235979193	574.6736235979193	b
575.1431805979194	575.1431805979194	b
575.6127375979194	575.6127375979194	db
576.0646913479194	576.0646913479194	b
576.5320883479194	576.5320883479194	b
577.0042693479194	577.0042693479194	b
577.5019183479194	577.5019183479194	db
577.9740993479194	577.9740993479194	b
578.4462803479194	578.4462803479194	b
578.9184613479193	578.9184613479193	b
579.3906423479193	579.3906423479193	db
579.8628233479193	579.8628233479193	b
580.3350043479193	580.3350043479193	b
580.8071853479192	580.8071853479192	b
581.2793663479192	581.2793663479192	db
581.7435113479193	581.7435113479193	b
582.2076563479193	582.2076563479193	b
582.6924263479193	582.6924263479193	b
583.1950653479192	583.1950653479192	db
583.6673258479192	583.6673258479192	b
584.1334538479192	584.1334538479192	b
584.6036343479192	584.6036343479192	b
585.0697623479192	585.0697623479192	db
585.5409783479192	585.5409783479192	b
586.0071063479193	586.0071063479193	b
586.4844728479193	586.4844728479193	b
586.9649728479193	586.9649728479193	db
587.4351533479193	587.4351533479193	b
587.9012813479193	587.9012813479193	b
588.3765683479193	588.3765683479193	b
588.8487493479192	588.8487493479192	db
589.3220098479193	589.3220098479193	b
589.7901378479193	589.7901378479193	b
590.2603623479192	590.2603623479192	b
590.7245073479193	590.7245073479193	db
591.1957233479193	591.1957233479193	b
591.6618513479193	591.6618513479193	b
592.1423883479193	592.1423883479193	b
592.6271583479194	592.6271583479194	db
593.1162753479193	593.1162753479193	b
593.6053923479193	593.6053923479193	b
594.0880173479193	594.0880173479193	b
594.5706423479193	594.5706423479193	db
595.0490353479192	595.0490353479192	b
595.5274283479192	595.5274283479192	b
596.0037323479193	596.0037323479193	b
596.4800363479193	596.4800363479193	db
596.9542693479193	596.9542693479193	b
597.4244153479193	597.4244153479193	b
597.8865933479193	597.8865933479193	b
598.3410703479193	598.3410703479193	db
598.7994645979193	598.7994645979193	b
599.2573543479193	599.2573543479193	b
599.7162573479193	599.7162573479193	b
600.1707343479193	600.1707343479193	db
600.6404553479192	600.6404553479192	b
601.1065833479192	601.1065833479192	b
601.5813240729192	601.5813240729192	b
602.0410017729192	602.0410017729192	db
602.5070212729192	602.5070212729192	b
602.9731492729193	602.9731492729193	b
603.4464632729192	603.4464632729192	b
603.9125912729193	603.9125912729193	db
604.3827717729192	604.3827717729192	b
604.8488997729193	604.8488997729193	b
605.3150277729193	605.3150277729193	b
605.7852082729192	605.7852082729192	db
606.2513362729193	606.2513362729193	b
606.7215167729192	606.7215167729192	b
607.1876447729193	607.1876447729193	b
607.6537727729193	607.6537727729193	db
608.1259537729193	608.1259537729193	b
608.6044292729192	608.6044292729192	b
609.0891992729192	609.0891992729192	b
609.5895332729192	609.5895332729192	db
610.0727642729191	610.0727642729191	b
610.5388922729192	610.5388922729192	b
611.0122062729191	611.0122062729191	b
611.4783342729191	611.4783342729191	db
611.9485147729191	611.9485147729191	b
612.4146427729191	612.4146427729191	b
612.8807707729192	612.8807707729192	b
613.3533016895858	613.3533016895858	db
613.8194296895858	613.8194296895858	b
614.2918556895859	614.2918556895859	b
614.7579836895859	614.7579836895859	b
615.2241116895859	615.2241116895859	db
615.693266189586	615.693266189586	b
616.165447189586	616.165447189586	b
616.631492564586	616.631492564586	b
617.0939184812527	617.0939184812527	db
617.532846439586	617.532846439586	b
617.9675414979193	617.9675414979193	b
618.4328670479193	618.4328670479193	b
618.9081447979194	618.9081447979194	db
619.3886447979194	619.3886447979194	b
619.8627943812527	619.8627943812527	b
620.339647089586	620.339647089586	b
620.829343714586	620.829343714586	db
621.295471714586	621.295471714586	b
621.764665964586	621.764665964586	b
622.2338117145861	622.2338117145861	b
622.7111692145861	622.7111692145861	db
623.1937942145861	623.1937942145861	b
623.6764192145861	623.6764192145861	b
624.1653010479195	624.1653010479195	b
624.6700170895862	624.6700170895862	db
625.1845090895862	625.1845090895862	b
625.7228645895862	625.7228645895862	b
626.2628215895861	626.2628215895861	b
626.8054355062528	626.8054355062528	db
627.4564877916697	627.4564877916697	b
628.3391007916697	628.3391007916697	b
