onset_perfm,pitch_perfm,velocity_perfm,onset_score,pitch_score,velocity_score
2.013542,60.0,38.0,0.0,60.0,49.0
2.013542,69.0,53.0,0.0,69.0,49.0
2.017708,45.0,48.0,0.0,45.0,49.0
2.120833,70.0,55.0,0.125,70.0,49.0
2.20625,71.0,54.0,0.25,71.0,49.0
2.2875,72.0,60.0,0.375,72.0,49.0
2.376042,60.0,55.0,0.5,60.0,49.0
2.3875,64.0,36.0,0.5,64.0,49.0
2.3875,73.0,55.0,0.5,73.0,49.0
2.391667,57.0,37.0,0.5,57.0,49.0
2.398958,69.0,38.0,0.5,69.0,49.0
2.478125,74.0,67.0,0.625,74.0,49.0
2.582292,75.0,59.0,0.75,75.0,49.0
2.686458,76.0,69.0,0.875,76.0,49.0
2.782292,69.0,56.0,1.0,69.0,49.0
2.782292,77.0,67.0,1.0,77.0,49.0
2.792708,45.0,28.0,1.0,45.0,49.0
2.892708,78.0,62.0,1.125,78.0,49.0
2.986458,79.0,70.0,1.25,79.0,49.0
3.079167,80.0,59.0,1.375,80.0,49.0
3.241667,82.0,68.0,1.625,82.0,49.0
3.336458,83.0,70.0,1.75,83.0,49.0
3.427083,84.0,66.0,1.875,84.0,49.0
3.519792,45.0,61.0,2.0,45.0,49.0
3.5239580000000004,85.0,70.0,2.0,85.0,49.0
3.5260420000000003,76.0,60.0,2.0,76.0,49.0
3.529167,81.0,64.0,2.0,81.0,49.0
3.535417,33.0,30.0,2.0,33.0,49.0
3.626042,86.0,77.0,2.125,86.0,49.0
3.736458,87.0,73.0,2.25,87.0,49.0
3.83125,88.0,70.0,2.375,88.0,49.0
3.9145830000000004,89.0,82.0,2.5,89.0,49.0
3.921875,60.0,52.0,2.5,60.0,49.0
3.926042,52.0,47.0,2.5,52.0,49.0
3.9281249999999996,57.0,49.0,2.5,57.0,49.0
3.9312500000000004,81.0,57.0,2.5,81.0,49.0
4.022917,88.0,68.0,2.625,88.0,49.0
4.114583,87.0,62.0,2.75,87.0,49.0
4.215625,86.0,63.0,2.875,86.0,49.0
4.313542,85.0,68.0,3.0,85.0,49.0
4.31875,57.0,33.0,3.0,57.0,49.0
4.323958,60.0,35.0,3.0,60.0,49.0
4.323958,76.0,44.0,3.0,76.0,49.0
4.335417,64.0,37.0,3.0,64.0,49.0
4.421875,84.0,67.0,3.125,84.0,49.0
4.498958,83.0,63.0,3.25,83.0,49.0
4.5875,82.0,68.0,3.375,82.0,49.0
4.696875,81.0,69.0,3.5,81.0,49.0
4.7125,72.0,49.0,3.5,72.0,49.0
4.714583,76.0,57.0,3.5,76.0,49.0
4.795833,80.0,71.0,3.625,80.0,49.0
4.895833,83.0,66.0,3.75,83.0,49.0
4.9875,81.0,57.0,3.875,81.0,49.0
5.0625,40.0,55.0,4.0,40.0,49.0
5.075,80.0,64.0,4.0,80.0,49.0
5.08125,71.0,57.0,4.0,71.0,49.0
5.171875,79.0,73.0,4.125,79.0,49.0
5.265625,78.0,64.0,4.25,78.0,49.0
5.344792,77.0,72.0,4.375,77.0,49.0
5.454167,76.0,60.0,4.5,76.0,49.0
5.460417,62.0,51.0,4.5,62.0,49.0
5.463542,52.0,46.0,4.5,52.0,49.0
5.467708,59.0,50.0,4.5,59.0,49.0
5.469792,68.0,60.0,4.5,68.0,49.0
5.473958,71.0,36.0,4.5,71.0,49.0
5.553125,75.0,59.0,4.625,75.0,49.0
5.64375,77.0,72.0,4.75,77.0,49.0
5.747917,76.0,64.0,4.875,76.0,49.0
5.846875,69.0,48.0,5.0,69.0,49.0
5.846875,75.0,49.0,5.0,75.0,49.0
5.847917,45.0,47.0,5.0,45.0,49.0
5.8625,72.0,28.0,5.0,72.0,49.0
5.955208,74.0,65.0,5.125,74.0,49.0
6.05,73.0,69.0,5.25,73.0,49.0
6.133333,72.0,60.0,5.375,72.0,49.0
6.225,71.0,62.0,5.5,71.0,49.0
6.235417,52.0,48.0,5.5,52.0,49.0
6.235417,60.0,52.0,5.5,60.0,49.0
6.239583,64.0,40.0,5.5,64.0,49.0
6.253125,57.0,37.0,5.5,57.0,49.0
6.265625,69.0,8.0,5.5,69.0,49.0
6.3125,72.0,61.0,5.625,72.0,49.0
6.411458,74.0,61.0,5.75,74.0,49.0
6.491667,72.0,54.0,5.875,72.0,49.0
6.604167,52.0,55.0,6.0,52.0,49.0
6.60625,64.0,40.0,6.0,64.0,49.0
6.608333,71.0,63.0,6.0,71.0,49.0
6.622917,59.0,43.0,6.0,59.0,49.0
6.632292,68.0,45.0,6.0,68.0,49.0
6.698958,72.0,68.0,6.125,72.0,49.0
6.795833,71.0,67.0,6.25,71.0,49.0
6.892708,72.0,59.0,6.375,72.0,49.0
6.982292,71.0,63.0,6.5,71.0,49.0
6.983333,63.0,68.0,6.5,63.0,49.0
6.985417,69.0,62.0,6.5,69.0,49.0
6.988542,59.0,63.0,6.5,59.0,58.0
7.001042,53.0,55.0,6.5,53.0,58.0
7.088542,72.0,69.0,6.625,72.0,49.0
7.18125,71.0,65.0,6.75,71.0,49.0
7.26875,72.0,56.0,6.875,72.0,49.0
7.34375,71.0,64.0,7.0,71.0,49.0
7.35,64.0,49.0,7.0,64.0,49.0
7.380208,68.0,44.0,7.0,68.0,49.0
7.391667,52.0,41.0,7.0,52.0,49.0
7.448958,76.0,73.0,7.125,76.0,49.0
7.557292,75.0,63.0,7.25,75.0,49.0
7.684374999999999,74.0,60.0,7.375,74.0,49.0
7.761457999999999,73.0,65.0,7.5,73.0,49.0
7.772917,62.0,47.0,7.5,62.0,49.0
7.869792,72.0,64.0,7.625,72.0,49.0
7.946875,71.0,61.0,7.75,71.0,49.0
8.040625,70.0,64.0,7.875,70.0,49.0
8.146875,69.0,64.0,8.0,69.0,49.0
8.155208,60.0,39.0,8.0,60.0,49.0
8.164583,45.0,45.0,8.0,45.0,49.0
8.24375,70.0,59.0,8.125,70.0,49.0
8.346875,71.0,64.0,8.25,71.0,49.0
8.438542,72.0,50.0,8.375,72.0,49.0
8.51875,60.0,51.0,8.5,60.0,49.0
8.51875,64.0,52.0,8.5,64.0,49.0
8.526042,73.0,59.0,8.5,73.0,49.0
8.533333,52.0,41.0,8.5,52.0,49.0
8.538542,57.0,43.0,8.5,57.0,49.0
8.620833,74.0,69.0,8.625,74.0,49.0
8.726042,75.0,63.0,8.75,75.0,49.0
8.829167,76.0,61.0,8.875,76.0,49.0
8.921875,45.0,52.0,9.0,45.0,49.0
8.923958,77.0,66.0,9.0,77.0,49.0
8.930208,69.0,56.0,9.0,69.0,49.0
9.035417,78.0,66.0,9.125,78.0,49.0
9.130208,79.0,69.0,9.25,79.0,49.0
9.217708,80.0,61.0,9.375,80.0,49.0
9.29375,62.0,61.0,9.5,62.0,49.0
9.298958,81.0,70.0,9.5,81.0,49.0
9.317708,53.0,49.0,9.5,53.0,49.0
9.323958,57.0,39.0,9.5,57.0,49.0
9.3875,82.0,74.0,9.625,82.0,49.0
9.484375,83.0,71.0,9.75,83.0,49.0
9.577083,84.0,68.0,9.875,84.0,49.0
9.673958,33.0,49.0,10.0,33.0,49.0
9.678125,45.0,64.0,10.0,45.0,49.0
9.683333,85.0,71.0,10.0,85.0,49.0
9.6875,76.0,62.0,10.0,76.0,49.0
9.696875,81.0,57.0,10.0,81.0,49.0
9.785417,86.0,69.0,10.125,86.0,49.0
9.889583,87.0,70.0,10.25,87.0,49.0
9.9875,88.0,71.0,10.375,88.0,49.0
10.094792,52.0,41.0,10.5,52.0,49.0
10.094792,89.0,78.0,10.5,89.0,49.0
10.104167,57.0,38.0,10.5,57.0,49.0
10.105208,60.0,41.0,10.5,60.0,49.0
10.121875,81.0,48.0,10.5,81.0,49.0
10.198958,88.0,58.0,10.625,88.0,49.0
10.292708,87.0,56.0,10.75,87.0,49.0
10.388542,86.0,63.0,10.875,86.0,49.0
10.496875,85.0,62.0,11.0,85.0,49.0
10.523958,60.0,28.0,11.0,60.0,49.0
10.525,57.0,40.0,11.0,57.0,49.0
10.525,64.0,36.0,11.0,64.0,49.0
10.530208,76.0,26.0,11.0,76.0,49.0
10.615625,84.0,63.0,11.125,84.0,49.0
10.704167,83.0,51.0,11.25,83.0,49.0
10.784375,82.0,66.0,11.375,82.0,49.0
10.890625,81.0,66.0,11.5,81.0,49.0
10.903125,76.0,56.0,11.5,76.0,49.0
10.904167,72.0,44.0,11.5,72.0,49.0
10.989583,80.0,64.0,11.625,80.0,49.0
11.088542,83.0,65.0,11.75,83.0,49.0
11.184375,81.0,50.0,11.875,81.0,49.0
11.279167,79.0,67.0,12.0,79.0,49.0
11.292708,47.0,48.0,12.0,47.0,49.0
11.292708,71.0,50.0,12.0,71.0,49.0
11.3875,80.0,72.0,12.125,80.0,49.0
11.477083,81.0,58.0,12.25,81.0,49.0
11.561458,82.0,69.0,12.375,82.0,49.0
11.6625,64.0,52.0,12.5,64.0,49.0
11.665625,83.0,68.0,12.5,83.0,49.0
11.671875,59.0,48.0,12.5,59.0,49.0
11.686458,67.0,16.0,12.5,67.0,49.0
11.69375,76.0,43.0,12.5,76.0,49.0
11.766667,84.0,75.0,12.625,84.0,49.0
11.853125,83.0,59.0,12.75,83.0,49.0
11.933333,82.0,58.0,12.875,82.0,49.0
12.036458,75.0,52.0,13.0,75.0,49.0
12.036458,81.0,66.0,13.0,81.0,49.0
12.053125,47.0,52.0,13.0,47.0,49.0
12.125,80.0,72.0,13.125,80.0,49.0
12.236458,79.0,71.0,13.25,79.0,49.0
12.325,78.0,71.0,13.375,78.0,49.0
12.428125,77.0,75.0,13.5,77.0,49.0
12.434375,59.0,49.0,13.5,59.0,49.0
12.444792,66.0,56.0,13.5,66.0,49.0
12.447917,71.0,49.0,13.5,71.0,49.0
12.463542,69.0,26.0,13.5,69.0,49.0
12.475,75.0,12.0,13.5,75.0,49.0
12.530208,78.0,71.0,13.625,78.0,49.0
12.642708,79.0,66.0,13.75,79.0,49.0
12.71875,78.0,68.0,13.875,78.0,49.0
12.834375,52.0,49.0,14.0,52.0,49.0
12.842708,76.0,60.0,14.0,76.0,49.0
12.85,64.0,38.0,14.0,64.0,49.0
12.858333,68.0,51.0,14.0,68.0,49.0
12.864583,71.0,41.0,14.0,71.0,49.0
12.93125,77.0,68.0,14.125,77.0,49.0
13.036458,75.0,67.0,14.25,75.0,49.0
13.139583,76.0,66.0,14.375,76.0,49.0
13.244792,74.0,67.0,14.5,74.0,49.0
13.247917,69.0,64.0,14.5,69.0,49.0
13.251042,65.0,59.0,14.5,65.0,49.0
13.254167,40.0,54.0,14.5,40.0,49.0
13.263542,52.0,54.0,14.5,52.0,49.0
13.351042,76.0,74.0,14.625,76.0,49.0
13.429167,73.0,70.0,14.75,73.0,49.0
13.522917,74.0,72.0,14.875,74.0,49.0
13.645833,64.0,57.0,15.0,64.0,49.0
13.645833,72.0,61.0,15.0,72.0,49.0
13.646875,69.0,54.0,15.0,69.0,49.0
13.751042,74.0,74.0,15.125,74.0,49.0
13.836458,71.0,65.0,15.25,71.0,49.0
13.93125,72.0,68.0,15.375,72.0,49.0
14.038542,68.0,51.0,15.5,68.0,49.0
14.046875,40.0,40.0,15.5,40.0,49.0
14.053125,62.0,38.0,15.5,62.0,49.0
14.05625,52.0,45.0,15.5,52.0,49.0
14.059375,71.0,51.0,15.5,71.0,49.0
14.144792,72.0,59.0,15.625,72.0,49.0
14.23125,70.0,60.0,15.75,70.0,49.0
14.35625,71.0,51.0,15.875,71.0,49.0
14.43125,45.0,47.0,16.0,45.0,49.0
14.45,69.0,46.0,16.0,69.0,49.0
14.472917,60.0,13.0,16.0,60.0,49.0
14.555208,70.0,64.0,16.125,70.0,49.0
14.659375,71.0,64.0,16.25,71.0,49.0
14.764583,72.0,55.0,16.375,72.0,49.0
14.840625,69.0,55.0,16.5,69.0,49.0
14.847917,52.0,32.0,16.5,52.0,49.0
14.852083,57.0,43.0,16.5,57.0,49.0
14.852083,60.0,40.0,16.5,60.0,49.0
14.854167,73.0,59.0,16.5,73.0,49.0
14.857292,64.0,38.0,16.5,64.0,49.0
14.94375,74.0,65.0,16.625,74.0,49.0
15.041667,75.0,62.0,16.75,75.0,49.0
15.140625,76.0,65.0,16.875,76.0,49.0
15.227083,45.0,37.0,17.0,45.0,49.0
15.235417,77.0,59.0,17.0,77.0,49.0
15.246875,69.0,46.0,17.0,69.0,49.0
15.344792,78.0,62.0,17.125,78.0,49.0
15.446875,79.0,63.0,17.25,79.0,49.0
15.53125,80.0,55.0,17.375,80.0,49.0
15.610417000000002,74.0,40.0,17.5,74.0,49.0
15.6125,62.0,51.0,17.5,62.0,49.0
15.615625000000001,81.0,67.0,17.5,81.0,49.0
15.628125,53.0,44.0,17.5,53.0,49.0
15.635417,57.0,35.0,17.5,57.0,49.0
15.704167000000002,82.0,67.0,17.625,82.0,49.0
15.8,83.0,67.0,17.75,83.0,49.0
15.901042,84.0,63.0,17.875,84.0,49.0
15.986457999999999,33.0,54.0,18.0,33.0,49.0
15.992708,45.0,65.0,18.0,45.0,49.0
15.997917000000001,85.0,69.0,18.0,85.0,49.0
16.004167,76.0,57.0,18.0,76.0,49.0
16.007292,81.0,60.0,18.0,81.0,49.0
16.097917,86.0,70.0,18.125,86.0,49.0
16.201042,87.0,72.0,18.25,87.0,49.0
16.297917,88.0,70.0,18.375,88.0,49.0
16.388542,52.0,51.0,18.5,52.0,49.0
16.392708,57.0,52.0,18.5,57.0,49.0
16.395833,60.0,51.0,18.5,60.0,49.0
16.395833,89.0,81.0,18.5,89.0,49.0
16.396875,81.0,70.0,18.5,81.0,49.0
16.492708,88.0,68.0,18.625,88.0,49.0
16.585417,87.0,65.0,18.75,87.0,49.0
16.696875,86.0,68.0,18.875,86.0,49.0
16.816667,60.0,33.0,19.0,60.0,49.0
16.826042,57.0,37.0,19.0,57.0,49.0
16.827083,85.0,63.0,19.0,85.0,49.0
16.833333,64.0,31.0,19.0,64.0,49.0
16.846875,76.0,39.0,19.0,76.0,49.0
16.936458,84.0,66.0,19.125,84.0,49.0
17.026042,83.0,57.0,19.25,83.0,49.0
17.107292,82.0,65.0,19.375,82.0,49.0
17.2125,81.0,66.0,19.5,81.0,49.0
17.225,76.0,50.0,19.5,76.0,49.0
17.226042,72.0,45.0,19.5,72.0,49.0
17.310417,80.0,68.0,19.625,80.0,49.0
17.405208,83.0,65.0,19.75,83.0,49.0
17.498958,81.0,56.0,19.875,81.0,49.0
17.598958,40.0,47.0,20.0,40.0,49.0
17.610417,80.0,67.0,20.0,80.0,49.0
17.61875,71.0,52.0,20.0,71.0,49.0
17.716667,79.0,72.0,20.125,79.0,49.0
17.809375,78.0,64.0,20.25,78.0,49.0
17.889583,77.0,64.0,20.375,77.0,49.0
17.992708,76.0,62.0,20.5,76.0,49.0
17.996875,52.0,45.0,20.5,52.0,49.0
18.003125,59.0,47.0,20.5,59.0,49.0
18.007292,62.0,37.0,20.5,62.0,49.0
18.008333,68.0,59.0,20.5,68.0,49.0
18.0125,71.0,43.0,20.5,71.0,49.0
18.103125,75.0,60.0,20.625,75.0,49.0
18.180208,77.0,70.0,20.75,77.0,49.0
18.28125,76.0,59.0,20.875,76.0,49.0
18.382292,45.0,48.0,21.0,45.0,49.0
18.384375,75.0,54.0,21.0,75.0,49.0
18.398958,69.0,40.0,21.0,69.0,49.0
18.486458,74.0,69.0,21.125,74.0,49.0
18.583333,73.0,63.0,21.25,73.0,49.0
18.676042,72.0,57.0,21.375,72.0,49.0
18.779167,71.0,61.0,21.5,71.0,49.0
18.795833,64.0,41.0,21.5,64.0,49.0
18.796875,60.0,42.0,21.5,60.0,49.0
18.797917,52.0,38.0,21.5,52.0,49.0
18.808333,57.0,34.0,21.5,57.0,49.0
18.877083,72.0,58.0,21.625,72.0,49.0
18.979167,74.0,50.0,21.75,74.0,49.0
19.058333,72.0,50.0,21.875,72.0,49.0
19.160417,64.0,42.0,22.0,64.0,49.0
19.161458,71.0,62.0,22.0,71.0,49.0
19.1625,52.0,51.0,22.0,52.0,49.0
19.175,59.0,40.0,22.0,59.0,49.0
19.2625,72.0,66.0,22.125,72.0,49.0
19.351042,71.0,64.0,22.25,71.0,49.0
19.442708,72.0,62.0,22.375,72.0,49.0
19.534375,63.0,62.0,22.5,63.0,49.0
19.536458,69.0,59.0,22.5,69.0,49.0
19.5375,59.0,57.0,22.5,59.0,58.0
19.5375,71.0,59.0,22.5,71.0,49.0
19.539583,53.0,62.0,22.5,53.0,58.0
19.639583,72.0,73.0,22.625,72.0,49.0
19.740625,71.0,69.0,22.75,71.0,49.0
19.830208,72.0,60.0,22.875,72.0,49.0
19.908333,71.0,64.0,23.0,71.0,49.0
19.915625,64.0,42.0,23.0,64.0,49.0
19.9375,68.0,52.0,23.0,68.0,49.0
19.94375,52.0,43.0,23.0,52.0,49.0
20.015625,76.0,68.0,23.125,76.0,49.0
20.121875,75.0,65.0,23.25,75.0,49.0
20.228125,74.0,64.0,23.375,74.0,49.0
20.322917,73.0,62.0,23.5,73.0,49.0
20.330208,62.0,49.0,23.5,62.0,49.0
20.429167,72.0,61.0,23.625,72.0,49.0
20.496875,71.0,61.0,23.75,71.0,49.0
20.601042,70.0,57.0,23.875,70.0,49.0
20.707292,45.0,59.0,24.0,45.0,49.0
20.711458,60.0,38.0,24.0,60.0,49.0
20.711458,69.0,65.0,24.0,69.0,49.0
20.71875,64.0,20.0,24.0,64.0,49.0
20.798958,70.0,55.0,24.125,70.0,49.0
20.910417,71.0,61.0,24.25,71.0,49.0
21.005208,72.0,52.0,24.375,72.0,49.0
21.090625,64.0,40.0,24.5,64.0,49.0
21.09375,60.0,44.0,24.5,60.0,49.0
21.097917,73.0,58.0,24.5,73.0,49.0
21.103125,69.0,35.0,24.5,69.0,49.0
21.113542,57.0,40.0,24.5,57.0,49.0
21.13125,52.0,15.0,24.5,52.0,49.0
21.188542,74.0,63.0,24.625,74.0,49.0
21.289583,75.0,61.0,24.75,75.0,49.0
21.392708,76.0,61.0,24.875,76.0,49.0
21.4875,45.0,47.0,25.0,45.0,49.0
21.492708,77.0,59.0,25.0,77.0,49.0
21.505208,69.0,45.0,25.0,69.0,49.0
21.619792,78.0,57.0,25.125,78.0,49.0
21.717708,79.0,59.0,25.25,79.0,49.0
21.797917,80.0,54.0,25.375,80.0,49.0
21.878125,74.0,45.0,25.5,74.0,49.0
21.88125,62.0,54.0,25.5,62.0,49.0
21.8875,81.0,57.0,25.5,81.0,49.0
21.905208,53.0,46.0,25.5,53.0,49.0
21.920833,57.0,22.0,25.5,57.0,49.0
21.975,82.0,63.0,25.625,82.0,49.0
22.072917,83.0,62.0,25.75,83.0,49.0
22.190625,84.0,53.0,25.875,84.0,49.0
22.267708,33.0,43.0,26.0,33.0,49.0
22.273958,45.0,61.0,26.0,45.0,49.0
22.279167,85.0,59.0,26.0,85.0,49.0
22.295833,81.0,43.0,26.0,81.0,49.0
22.392708,86.0,57.0,26.125,86.0,49.0
22.4875,87.0,63.0,26.25,87.0,49.0
22.613542,88.0,53.0,26.375,88.0,49.0
22.704167,52.0,36.0,26.5,52.0,49.0
22.707292,57.0,40.0,26.5,57.0,49.0
22.709375,60.0,36.0,26.5,60.0,49.0
22.711458,89.0,56.0,26.5,89.0,49.0
22.797917,88.0,57.0,26.625,88.0,49.0
22.898958,87.0,51.0,26.75,87.0,49.0
22.998958,86.0,53.0,26.875,86.0,49.0
23.114583,85.0,57.0,27.0,85.0,49.0
23.129167,57.0,36.0,27.0,57.0,49.0
23.133333,60.0,31.0,27.0,60.0,49.0
23.135417,64.0,39.0,27.0,64.0,49.0
23.144792,76.0,21.0,27.0,76.0,49.0
23.228125,84.0,58.0,27.125,84.0,49.0
23.308333,83.0,49.0,27.25,83.0,49.0
23.394792,82.0,55.0,27.375,82.0,49.0
23.502083,76.0,52.0,27.5,76.0,49.0
23.509375,81.0,54.0,27.5,81.0,49.0
23.603125,80.0,59.0,27.625,80.0,49.0
23.704167,83.0,50.0,27.75,83.0,49.0
23.807292,81.0,44.0,27.875,81.0,49.0
23.905208,38.0,45.0,28.0,38.0,49.0
23.905208,82.0,51.0,28.0,82.0,49.0
23.921875,50.0,43.0,28.0,50.0,49.0
23.959375,74.0,20.0,28.0,74.0,49.0
24.019792,83.0,54.0,28.125,83.0,55.0
24.130208,84.0,56.0,28.25,84.0,57.0
24.210417,85.0,63.0,28.375,85.0,60.0
24.290625,77.0,11.0,28.5,77.0,63.0
24.310417,50.0,46.0,28.5,50.0,68.0
24.310417,62.0,42.0,28.5,62.0,68.0
24.313542,53.0,42.0,28.5,53.0,68.0
24.313542,86.0,67.0,28.5,86.0,63.0
24.31875,58.0,40.0,28.5,58.0,68.0
24.408333,87.0,68.0,28.625,87.0,66.0
24.5,88.0,69.0,28.75,88.0,68.0
24.604167,89.0,59.0,28.875,89.0,71.0
24.688542,80.0,53.0,29.0,80.0,74.0
24.692708,88.0,56.0,29.0,88.0,74.0
24.696875,40.0,47.0,29.0,40.0,77.0
24.696875,52.0,57.0,29.0,52.0,77.0
24.8,89.0,62.0,29.125,89.0,77.0
24.894792,90.0,67.0,29.25,90.0,79.0
24.994792,91.0,70.0,29.375,91.0,82.0
25.086458,92.0,66.0,29.5,92.0,85.0
25.089583,62.0,49.0,29.5,62.0,87.0
25.097917,59.0,51.0,29.5,59.0,87.0
25.097917,86.0,52.0,29.5,86.0,85.0
25.098958,52.0,43.0,29.5,52.0,87.0
25.185417,93.0,70.0,29.625,93.0,88.0
25.278125,94.0,66.0,29.75,94.0,90.0
25.377083,95.0,67.0,29.875,95.0,93.0
25.50625,41.0,50.0,30.0,41.0,96.0
25.507292,93.0,65.0,30.0,93.0,96.0
25.533333,53.0,40.0,30.0,53.0,96.0
25.633333,92.0,60.0,30.125,92.0,96.0
25.728125,91.0,63.0,30.25,91.0,96.0
25.815625,90.0,59.0,30.375,90.0,96.0
25.919792,65.0,60.0,30.5,65.0,96.0
25.928125,89.0,64.0,30.5,89.0,96.0
25.934375,57.0,53.0,30.5,57.0,96.0
25.938542,60.0,44.0,30.5,60.0,96.0
25.95625,84.0,36.0,30.5,84.0,96.0
25.957292,81.0,22.0,30.5,81.0,96.0
26.033333,88.0,63.0,30.625,88.0,96.0
26.120833,87.0,49.0,30.75,87.0,96.0
26.202083,86.0,70.0,30.875,86.0,96.0
26.308333,85.0,69.0,31.0,85.0,96.0
26.3125,36.0,50.0,31.0,36.0,96.0
26.320833,48.0,60.0,31.0,48.0,96.0
26.322917,76.0,44.0,31.0,76.0,96.0
26.4125,84.0,67.0,31.125,84.0,96.0
26.497917,83.0,64.0,31.25,83.0,96.0
26.583333,82.0,65.0,31.375,82.0,96.0
26.698958,64.0,49.0,31.5,64.0,96.0
26.7,52.0,49.0,31.5,52.0,96.0
26.703125,57.0,53.0,31.5,57.0,96.0
26.703125,72.0,60.0,31.5,72.0,96.0
26.705208,81.0,72.0,31.5,81.0,96.0
26.738542,76.0,18.0,31.5,76.0,96.0
26.810417,80.0,69.0,31.625,80.0,96.0
26.921875,79.0,74.0,31.75,79.0,96.0
27.002083,78.0,71.0,31.875,78.0,96.0
27.102083,38.0,57.0,32.0,38.0,96.0
27.120833,70.0,59.0,32.0,70.0,96.0
27.127083,77.0,67.0,32.0,77.0,96.0
27.129167,74.0,34.0,32.0,74.0,96.0
27.240625,76.0,65.0,32.125,76.0,96.0
27.338542,75.0,57.0,32.25,75.0,96.0
27.426042,74.0,67.0,32.375,74.0,96.0
27.514583,73.0,73.0,32.5,73.0,96.0
27.525,50.0,38.0,32.5,50.0,96.0
27.527083,65.0,43.0,32.5,65.0,96.0
27.530208,62.0,36.0,32.5,62.0,96.0
27.538542,58.0,43.0,32.5,58.0,96.0
27.541667,53.0,36.0,32.5,53.0,96.0
27.632292,74.0,64.0,32.625,74.0,93.0
27.717708,77.0,74.0,32.75,77.0,92.0
27.833333,74.0,66.0,32.875,74.0,91.0
27.925,60.0,38.0,33.0,60.0,89.0
27.93125,52.0,47.0,33.0,52.0,89.0
27.93125,71.0,65.0,33.0,71.0,89.0
27.932292,57.0,46.0,33.0,57.0,89.0
27.958333,64.0,49.0,33.0,64.0,89.0
28.053125,72.0,71.0,33.125,72.0,88.0
28.129167,76.0,72.0,33.25,76.0,87.0
28.229167,72.0,58.0,33.375,72.0,85.0
28.313542,52.0,48.0,33.5,52.0,84.0
28.31875,70.0,63.0,33.5,70.0,84.0
28.422917,71.0,70.0,33.625,71.0,83.0
28.497917,76.0,75.0,33.75,76.0,81.0
28.607292,71.0,74.0,33.875,71.0,80.0
28.734375,57.0,55.0,34.0,57.0,84.0
28.740625,45.0,47.0,34.0,45.0,84.0
28.76875,69.0,70.0,34.0,69.0,84.0
28.777083,60.0,47.0,34.0,60.0,84.0
28.879167,70.0,70.0,34.125,70.0,85.0
28.971875,71.0,64.0,34.25,71.0,87.0
29.05625,72.0,61.0,34.375,72.0,89.0
29.152083,52.0,60.0,34.5,52.0,91.0
29.154167,73.0,66.0,34.5,73.0,91.0
29.15625,40.0,61.0,34.5,40.0,91.0
29.158333,68.0,58.0,34.5,68.0,91.0
29.169792,64.0,48.0,34.5,64.0,91.0
29.2625,74.0,65.0,34.625,74.0,92.0
29.359375,75.0,65.0,34.75,75.0,94.0
29.464583,76.0,61.0,34.875,76.0,49.0
29.584375,81.0,81.0,35.0,81.0,87.0
29.592708,45.0,63.0,35.0,45.0,87.0
29.60625,33.0,55.0,35.0,33.0,87.0
29.6125,72.0,57.0,35.0,72.0,87.0
29.617708,69.0,41.0,35.0,69.0,87.0
29.773958,80.0,69.0,35.125,80.0,82.0
29.9,79.0,69.0,35.25,79.0,77.0
30.00625,78.0,69.0,35.375,78.0,73.0
30.123958,77.0,63.0,35.5,77.0,68.0
30.221875,76.0,62.0,35.625,76.0,63.0
30.313542,75.0,59.0,35.75,75.0,58.0
30.45625,74.0,33.0,35.875,74.0,54.0
30.535417,36.0,42.0,36.0,36.0,49.0
30.548958,73.0,59.0,36.0,73.0,49.0
30.553125,48.0,36.0,36.0,48.0,49.0
30.572917,64.0,29.0,36.0,64.0,49.0
30.667708,72.0,55.0,36.125,72.0,49.0
30.759375,71.0,62.0,36.25,71.0,49.0
30.876042,72.0,56.0,36.375,72.0,49.0
30.957292,48.0,42.0,36.5,48.0,49.0
30.958333,55.0,46.0,36.5,55.0,49.0
30.958333,73.0,58.0,36.5,73.0,49.0
30.960417,60.0,37.0,36.5,60.0,49.0
30.966667,64.0,30.0,36.5,64.0,49.0
31.057292,74.0,60.0,36.625,74.0,49.0
31.146875,75.0,55.0,36.75,75.0,49.0
31.234375,76.0,61.0,36.875,76.0,49.0
31.334375,69.0,55.0,37.0,69.0,49.0
31.336458,41.0,49.0,37.0,41.0,49.0
31.339583,77.0,54.0,37.0,77.0,49.0
31.435417,78.0,63.0,37.125,78.0,49.0
31.533333,79.0,66.0,37.25,79.0,49.0
31.635416999999997,80.0,64.0,37.375,80.0,49.0
31.734375,81.0,65.0,37.5,81.0,49.0
31.736458,57.0,53.0,37.5,57.0,49.0
31.742708,60.0,38.0,37.5,60.0,49.0
31.755208000000003,48.0,44.0,37.5,48.0,49.0
31.764583000000002,72.0,23.0,37.5,72.0,49.0
31.828125,76.0,68.0,37.625,76.0,50.0
31.9375,77.0,68.0,37.75,77.0,51.0
32.026042,74.0,65.0,37.875,74.0,51.0
32.134375,73.0,64.0,38.0,73.0,52.0
32.135417,70.0,57.0,38.0,70.0,49.0
32.14375,36.0,45.0,38.0,36.0,49.0
32.227083,72.0,63.0,38.125,72.0,52.0
32.323958,71.0,70.0,38.25,71.0,53.0
32.446875,72.0,58.0,38.375,72.0,53.0
32.527083,73.0,63.0,38.5,73.0,54.0
32.534375,48.0,44.0,38.5,48.0,54.0
32.534375,55.0,49.0,38.5,55.0,54.0
32.534375,60.0,42.0,38.5,60.0,54.0
32.534375,64.0,48.0,38.5,64.0,54.0
32.534375,70.0,49.0,38.5,70.0,54.0
32.642708,74.0,64.0,38.625,74.0,55.0
32.736458,75.0,60.0,38.75,75.0,55.0
32.833333,76.0,63.0,38.875,76.0,56.0
32.953125,77.0,74.0,39.0,77.0,56.0
32.955208,37.0,60.0,39.0,37.0,56.0
32.95625,65.0,68.0,39.0,65.0,56.0
32.972917,68.0,42.0,39.0,68.0,56.0
33.138542,78.0,67.0,39.125,78.0,57.0
33.242708,79.0,65.0,39.25,79.0,57.0
33.351042,80.0,68.0,39.375,80.0,58.0
33.422917,56.0,49.0,39.5,56.0,58.0
33.436458,49.0,48.0,39.5,49.0,58.0
33.436458,59.0,32.0,39.5,59.0,58.0
33.466667,71.0,42.0,39.5,71.0,58.0
33.473958,79.0,64.0,39.5,79.0,58.0
33.5625,78.0,65.0,39.625,78.0,59.0
33.670833,77.0,66.0,39.75,77.0,60.0
33.769792,76.0,60.0,39.875,76.0,60.0
33.853125,38.0,51.0,40.0,38.0,61.0
33.854167,72.0,44.0,40.0,72.0,61.0
33.859375,75.0,59.0,40.0,75.0,61.0
33.976042,74.0,62.0,40.125,74.0,61.0
34.04375,73.0,65.0,40.25,73.0,62.0
34.133333,74.0,64.0,40.375,74.0,62.0
34.223958,72.0,42.0,40.5,72.0,63.0
34.23125,66.0,53.0,40.5,66.0,63.0
34.233333,75.0,64.0,40.5,75.0,63.0
34.238542,60.0,42.0,40.5,60.0,63.0
34.241667,57.0,52.0,40.5,57.0,63.0
34.242708,50.0,46.0,40.5,50.0,63.0
34.326042,76.0,66.0,40.625,76.0,63.0
34.409375,77.0,69.0,40.75,77.0,64.0
34.522917,78.0,69.0,40.875,78.0,64.0
34.617708,70.0,60.0,41.0,70.0,65.0
34.636458,79.0,64.0,41.0,79.0,65.0
34.639583,43.0,45.0,41.0,43.0,65.0
34.742708,80.0,61.0,41.125,80.0,66.0
34.828125,81.0,67.0,41.25,81.0,66.0
34.919792,82.0,69.0,41.375,82.0,67.0
35.020833,81.0,72.0,41.5,81.0,67.0
35.030208,58.0,45.0,41.5,58.0,67.0
35.036458,55.0,48.0,41.5,55.0,67.0
35.04375,50.0,39.0,41.5,50.0,67.0
35.046875,74.0,46.0,41.5,74.0,67.0
35.11875,78.0,66.0,41.625,78.0,68.0
35.217708,79.0,60.0,41.75,79.0,68.0
35.321875,75.0,69.0,41.875,75.0,69.0
35.429167,38.0,49.0,42.0,38.0,69.0
35.430208,74.0,50.0,42.0,74.0,69.0
35.445833,72.0,53.0,42.0,72.0,69.0
35.525,75.0,68.0,42.125,75.0,70.0
35.623958,73.0,71.0,42.25,73.0,71.0
35.719792,74.0,61.0,42.375,74.0,71.0
35.798958,72.0,57.0,42.5,72.0,72.0
35.8,66.0,55.0,42.5,66.0,72.0
35.814583,57.0,55.0,42.5,57.0,72.0
35.81875,50.0,47.0,42.5,50.0,72.0
35.81875,75.0,60.0,42.5,75.0,72.0
35.822917,60.0,37.0,42.5,60.0,72.0
35.910417,76.0,65.0,42.625,76.0,72.0
36.002083,77.0,63.0,42.75,77.0,73.0
36.194792,79.0,80.0,43.0,79.0,74.0
36.201042,67.0,67.0,43.0,67.0,74.0
36.208333,39.0,56.0,43.0,39.0,74.0
36.2125,70.0,57.0,43.0,70.0,74.0
36.345833,80.0,77.0,43.125,80.0,74.0
36.454167,81.0,64.0,43.25,81.0,75.0
36.542708,82.0,75.0,43.375,82.0,76.0
36.660417,61.0,47.0,43.5,61.0,76.0
36.661458,58.0,54.0,43.5,58.0,76.0
36.6625,73.0,58.0,43.5,73.0,76.0
36.663542,81.0,65.0,43.5,81.0,76.0
36.689583,51.0,35.0,43.5,51.0,76.0
36.766667,80.0,64.0,43.625,80.0,77.0
36.879167,79.0,67.0,43.75,79.0,77.0
36.954167,78.0,70.0,43.875,78.0,78.0
37.052083,74.0,58.0,44.0,74.0,78.0
37.059375,77.0,66.0,44.0,77.0,78.0
37.06875,40.0,45.0,44.0,40.0,78.0
37.160417,76.0,66.0,44.125,76.0,79.0
37.254167,75.0,60.0,44.25,75.0,79.0
37.330208,76.0,63.0,44.375,76.0,80.0
37.419792,74.0,61.0,44.5,74.0,81.0
37.45625,52.0,55.0,44.5,52.0,81.0
37.458333,77.0,67.0,44.5,77.0,81.0
37.461458,62.0,44.0,44.5,62.0,81.0
37.4625,68.0,57.0,44.5,68.0,81.0
37.463542,59.0,51.0,44.5,59.0,81.0
37.576042,78.0,71.0,44.625,78.0,81.0
37.683333,79.0,66.0,44.75,79.0,82.0
37.765625,80.0,66.0,44.875,80.0,82.0
37.85,72.0,54.0,45.0,72.0,83.0
37.865625,81.0,71.0,45.0,81.0,83.0
37.891667,45.0,51.0,45.0,45.0,83.0
37.96875,82.0,71.0,45.125,82.0,83.0
38.064583,83.0,70.0,45.25,83.0,84.0
38.173958,84.0,62.0,45.375,84.0,84.0
38.271875,83.0,71.0,45.5,83.0,85.0
38.291667,52.0,45.0,45.5,52.0,85.0
38.296875,76.0,50.0,45.5,76.0,85.0
38.305208,64.0,12.0,45.5,64.0,85.0
38.315625,57.0,25.0,45.5,57.0,85.0
38.317708,60.0,14.0,45.5,60.0,85.0
38.366667,82.0,61.0,45.625,82.0,85.0
38.4625,81.0,65.0,45.75,81.0,86.0
38.557292,80.0,69.0,45.875,80.0,87.0
38.676042,79.0,78.0,46.0,79.0,87.0
38.685417,40.0,58.0,46.0,40.0,87.0
38.708333,74.0,30.0,46.0,74.0,87.0
38.777083,78.0,75.0,46.125,78.0,88.0
38.886458,77.0,67.0,46.25,77.0,88.0
38.967708,76.0,65.0,46.375,76.0,89.0
39.08125,52.0,48.0,46.5,52.0,89.0
39.082292,74.0,26.0,46.5,74.0,89.0
39.086458,68.0,55.0,46.5,68.0,89.0
39.0875,62.0,46.0,46.5,62.0,89.0
39.089583,59.0,44.0,46.5,59.0,89.0
39.105208,77.0,62.0,46.5,77.0,89.0
39.213542,78.0,72.0,46.625,78.0,90.0
39.33125,79.0,67.0,46.75,79.0,90.0
39.411458,80.0,61.0,46.875,80.0,91.0
39.494792,45.0,51.0,47.0,45.0,92.0
39.502083,57.0,51.0,47.0,57.0,92.0
39.504167,72.0,41.0,47.0,72.0,92.0
39.520833,81.0,58.0,47.0,81.0,92.0
39.626042,82.0,66.0,47.125,82.0,92.0
39.729167,83.0,68.0,47.25,83.0,93.0
39.826042,84.0,72.0,47.375,84.0,93.0
39.920833,55.0,71.0,47.5,55.0,94.0
39.930208,43.0,69.0,47.5,43.0,94.0
39.930208,85.0,73.0,47.5,85.0,94.0
39.933333,81.0,67.0,47.5,81.0,94.0
39.941667,76.0,53.0,47.5,76.0,94.0
40.032292,86.0,73.0,47.625,86.0,94.0
40.147917,87.0,76.0,47.75,87.0,95.0
40.25,88.0,73.0,47.875,88.0,95.0
40.358333,89.0,90.0,48.0,89.0,96.0
40.363542,41.0,67.0,48.0,41.0,96.0
40.365625,53.0,71.0,48.0,53.0,96.0
40.373958,81.0,68.0,48.0,81.0,96.0
40.484375,88.0,75.0,48.125,88.0,96.0
40.572917,87.0,72.0,48.25,87.0,96.0
40.680208,86.0,78.0,48.375,86.0,96.0
40.795833,85.0,84.0,48.5,85.0,96.0
40.796875,59.0,94.0,48.5,59.0,115.0
40.802083,77.0,73.0,48.5,77.0,96.0
40.80625,47.0,81.0,48.5,47.0,115.0
40.917708,84.0,80.0,48.625,84.0,96.0
40.994792,83.0,70.0,48.75,83.0,96.0
41.073958,82.0,71.0,48.875,82.0,96.0
41.189583,74.0,71.0,49.0,74.0,96.0
41.192708,81.0,76.0,49.0,81.0,96.0
41.289583,80.0,78.0,49.125,80.0,96.0
41.4,79.0,78.0,49.25,79.0,96.0
41.488542,78.0,82.0,49.375,78.0,96.0
41.563542,74.0,35.0,49.5,74.0,96.0
41.613542,77.0,79.0,49.5,77.0,96.0
41.614583,64.0,81.0,49.5,64.0,96.0
41.617708,68.0,62.0,49.5,68.0,96.0
41.619792,52.0,70.0,49.5,52.0,96.0
41.717708,76.0,71.0,49.625,76.0,96.0
41.803125,75.0,64.0,49.75,75.0,96.0
41.88125,76.0,72.0,49.875,76.0,96.0
41.997917,87.0,82.0,50.0,87.0,96.0
42.003125,39.0,63.0,50.0,39.0,96.0
42.003125,51.0,79.0,50.0,51.0,96.0
42.045833,79.0,21.0,50.0,79.0,96.0
42.130208,86.0,88.0,50.125,86.0,96.0
42.214583,85.0,75.0,50.25,85.0,96.0
42.333333,84.0,72.0,50.375,84.0,96.0
42.41875,57.0,95.0,50.5,57.0,115.0
42.423958,45.0,80.0,50.5,45.0,115.0
42.423958,83.0,74.0,50.5,83.0,96.0
42.434375,79.0,68.0,50.5,79.0,96.0
42.45625,75.0,61.0,50.5,75.0,96.0
42.514583,82.0,60.0,50.625,82.0,96.0
42.651042,81.0,75.0,50.75,81.0,96.0
42.752083,80.0,72.0,50.875,80.0,96.0
42.872917,79.0,76.0,51.0,79.0,96.0
42.876042,72.0,52.0,51.0,72.0,96.0
42.965625,78.0,70.0,51.125,78.0,96.0
43.06875,77.0,73.0,51.25,77.0,96.0
43.144792,76.0,59.0,51.375,76.0,96.0
43.234375,72.0,44.0,51.5,72.0,96.0
43.2625,75.0,64.0,51.5,75.0,96.0
43.263542,62.0,66.0,51.5,62.0,96.0
43.263542,66.0,59.0,51.5,66.0,96.0
43.271875,50.0,60.0,51.5,50.0,96.0
43.388542,74.0,68.0,51.625,74.0,96.0
43.479167,73.0,68.0,51.75,73.0,96.0
43.580208,74.0,63.0,51.875,74.0,96.0
43.689583,86.0,82.0,52.0,86.0,96.0
43.692708,43.0,55.0,52.0,43.0,96.0
43.69375,55.0,59.0,52.0,55.0,96.0
43.701042,79.0,59.0,52.0,79.0,96.0
43.796875,85.0,72.0,52.125,85.0,96.0
43.915625,84.0,75.0,52.25,84.0,96.0
43.988542,83.0,70.0,52.375,83.0,96.0
44.083333,79.0,47.0,52.5,79.0,96.0
44.1,82.0,67.0,52.5,82.0,96.0
44.117708,63.0,63.0,52.5,63.0,115.0
44.119792,51.0,54.0,52.5,51.0,115.0
44.132292,73.0,44.0,52.5,73.0,96.0
44.225,81.0,75.0,52.625,81.0,96.0
44.333333,80.0,70.0,52.75,80.0,96.0
44.427083,79.0,67.0,52.875,79.0,96.0
44.5125,62.0,57.0,53.0,62.0,96.0
44.517708,50.0,55.0,53.0,50.0,96.0
44.521875,78.0,75.0,53.0,78.0,96.0
44.53125,69.0,51.0,53.0,69.0,96.0
44.536458,74.0,43.0,53.0,74.0,96.0
44.636458,79.0,73.0,53.125,79.0,96.0
44.742708,80.0,62.0,53.25,80.0,96.0
44.821875,81.0,70.0,53.375,81.0,96.0
44.929167,82.0,75.0,53.5,82.0,96.0
44.9375,72.0,54.0,53.5,72.0,96.0
44.939583,57.0,72.0,53.5,57.0,96.0
44.946875,45.0,70.0,53.5,45.0,96.0
45.046875,83.0,68.0,53.625,83.0,96.0
45.136458,84.0,74.0,53.75,84.0,96.0
45.242708,83.0,68.0,53.875,83.0,96.0
45.35,41.0,67.0,54.0,41.0,96.0
45.35,86.0,87.0,54.0,86.0,96.0
45.354167,77.0,65.0,54.0,77.0,96.0
45.35625,53.0,66.0,54.0,53.0,96.0
45.376042,81.0,50.0,54.0,81.0,96.0
45.459375,84.0,71.0,54.125,84.0,96.0
45.544792,82.0,64.0,54.25,82.0,96.0
45.667708,81.0,71.0,54.375,81.0,96.0
45.777083,80.0,68.0,54.5,80.0,96.0
45.784375,49.0,59.0,54.5,49.0,96.0
45.786458,61.0,63.0,54.5,61.0,96.0
45.786458,71.0,51.0,54.5,71.0,96.0
45.894792,79.0,70.0,54.625,79.0,96.0
45.988542,78.0,73.0,54.75,78.0,96.0
46.089583,77.0,64.0,54.875,77.0,96.0
46.182292,76.0,78.0,55.0,76.0,96.0
46.185417,60.0,56.0,55.0,60.0,96.0
46.1875,48.0,58.0,55.0,48.0,96.0
46.201042,67.0,55.0,55.0,67.0,96.0
46.310417,77.0,66.0,55.125,77.0,96.0
46.397917,78.0,77.0,55.25,78.0,96.0
46.504167,79.0,67.0,55.375,79.0,96.0
46.582292,55.0,84.0,55.5,55.0,96.0
46.5875,70.0,65.0,55.5,70.0,96.0
46.591667,43.0,79.0,55.5,43.0,96.0
46.608333,80.0,73.0,55.5,80.0,96.0
46.710417,81.0,72.0,55.625,81.0,96.0
46.829167,82.0,77.0,55.75,82.0,96.0
46.922917,81.0,64.0,55.875,81.0,96.0
47.016667,51.0,88.0,56.0,51.0,96.0
47.016667,79.0,54.0,56.0,79.0,96.0
47.017708,39.0,70.0,56.0,39.0,96.0
47.025,84.0,87.0,56.0,84.0,96.0
47.039583,75.0,72.0,56.0,75.0,96.0
47.15625,82.0,78.0,56.125,82.0,96.0
47.273958,81.0,75.0,56.25,81.0,96.0
47.371875,80.0,73.0,56.375,80.0,96.0
47.4625,63.0,93.0,56.5,63.0,96.0
47.466667,51.0,80.0,56.5,51.0,96.0
47.485417,79.0,80.0,56.5,79.0,96.0
47.486458,75.0,44.0,56.5,75.0,96.0
47.498958,70.0,63.0,56.5,70.0,96.0
47.590625,78.0,78.0,56.625,78.0,89.0
47.711458,77.0,74.0,56.75,77.0,85.0
47.798958,76.0,67.0,56.875,76.0,82.0
47.898958,75.0,65.0,57.0,75.0,78.0
47.901042,67.0,50.0,57.0,67.0,78.0
48.003125,74.0,72.0,57.125,74.0,74.0
48.109375,73.0,56.0,57.25,73.0,71.0
48.185417,72.0,68.0,57.375,72.0,67.0
48.291667,51.0,98.0,57.5,51.0,63.0
48.292708,70.0,79.0,57.5,70.0,63.0
48.3,67.0,65.0,57.5,67.0,63.0
48.301042,39.0,80.0,57.5,39.0,63.0
48.310417,61.0,64.0,57.5,61.0,63.0
48.427083,69.0,80.0,57.625,69.0,60.0
48.529167,68.0,72.0,57.75,68.0,56.0
48.659375,67.0,57.0,57.875,67.0,53.0
48.722917,50.0,92.0,58.0,50.0,49.0
48.725,38.0,76.0,58.0,38.0,49.0
48.727083,57.0,74.0,58.0,57.0,49.0
48.728125,66.0,78.0,58.0,66.0,49.0
48.736458,62.0,68.0,58.0,62.0,49.0
48.84375,67.0,64.0,58.125,67.0,49.0
48.95,68.0,66.0,58.25,68.0,49.0
49.05,69.0,60.0,58.375,69.0,49.0
49.170833,70.0,64.0,58.5,70.0,49.0
49.186458,45.0,38.0,58.5,45.0,58.0
49.203125,39.0,32.0,58.5,39.0,58.0
49.270833,69.0,34.0,58.625,69.0,49.0
49.353125,68.0,54.0,58.75,68.0,49.0
49.45,67.0,53.0,58.875,67.0,49.0
49.540625,38.0,36.0,59.0,38.0,49.0
49.542708,50.0,47.0,59.0,50.0,49.0
49.552083,66.0,59.0,59.0,66.0,49.0
49.55625,57.0,41.0,59.0,57.0,49.0
49.66875,67.0,43.0,59.125,67.0,49.0
49.754167,68.0,61.0,59.25,68.0,49.0
49.876042,69.0,40.0,59.375,69.0,49.0
49.948958,45.0,35.0,59.5,45.0,58.0
49.95625,39.0,40.0,59.5,39.0,58.0
49.963542,70.0,67.0,59.5,70.0,49.0
49.978125,61.0,11.0,59.5,61.0,49.0
50.090625,69.0,41.0,59.625,69.0,49.0
50.128125,68.0,62.0,59.75,68.0,49.0
50.247917,67.0,52.0,59.875,67.0,49.0
50.330208,38.0,46.0,60.0,38.0,49.0
50.345833,50.0,42.0,60.0,50.0,49.0
50.35,66.0,58.0,60.0,66.0,49.0
50.354167,57.0,30.0,60.0,57.0,49.0
50.444792,67.0,53.0,60.125,67.0,49.0
50.540625,68.0,63.0,60.25,68.0,49.0
50.639583,69.0,60.0,60.375,69.0,49.0
50.739583,72.0,70.0,60.5,72.0,49.0
50.758333,47.0,43.0,60.5,47.0,49.0
50.759375,41.0,42.0,60.5,41.0,49.0
50.851042,71.0,64.0,60.625,71.0,49.0
50.915625,70.0,55.0,60.75,70.0,49.0
51.017708,69.0,64.0,60.875,69.0,49.0
51.11875,68.0,68.0,61.0,68.0,49.0
51.142708,59.0,46.0,61.0,59.0,49.0
51.148958,40.0,43.0,61.0,40.0,49.0
51.15625,52.0,42.0,61.0,52.0,49.0
51.215625,69.0,60.0,61.125,69.0,64.0
51.33125,70.0,66.0,61.25,70.0,80.0
51.44375,71.0,54.0,61.375,71.0,96.0
51.533333,41.0,39.0,61.5,41.0,96.0
51.54375,72.0,55.0,61.5,72.0,96.0
51.55,47.0,37.0,61.5,47.0,96.0
51.563542,63.0,22.0,61.5,63.0,96.0
51.660417,71.0,55.0,61.625,71.0,96.0
51.760417,70.0,31.0,61.75,70.0,96.0
51.833333,69.0,55.0,61.875,69.0,96.0
51.973958,40.0,43.0,62.0,40.0,96.0
51.978125,68.0,54.0,62.0,68.0,96.0
51.980208,59.0,35.0,62.0,59.0,96.0
52.002083,52.0,38.0,62.0,52.0,96.0
52.017708,64.0,10.0,62.0,64.0,96.0
52.441667,80.0,40.0,62.5,80.0,96.0
52.444792,88.0,53.0,62.5,88.0,96.0
52.515625,89.0,60.0,62.625,89.0,96.0
52.6375,86.0,66.0,62.75,86.0,96.0
52.721875,88.0,68.0,62.875,88.0,96.0
52.820833,76.0,68.0,63.0,76.0,96.0
52.830208,84.0,64.0,63.0,84.0,96.0
52.844792,81.0,37.0,63.0,81.0,96.0
52.936458,86.0,67.0,63.125,86.0,96.0
53.0125,83.0,55.0,63.25,83.0,96.0
53.09375,84.0,71.0,63.375,84.0,96.0
53.195833,72.0,59.0,63.5,72.0,96.0
53.210417,76.0,47.0,63.5,76.0,96.0
53.210417,81.0,59.0,63.5,81.0,96.0
53.319792,83.0,61.0,63.625,83.0,96.0
53.388542,79.0,61.0,63.75,79.0,96.0
53.469792,81.0,61.0,63.875,81.0,96.0
53.569792,77.0,61.0,64.0,77.0,96.0
53.573958,69.0,48.0,64.0,69.0,96.0
53.602083,72.0,34.0,64.0,72.0,96.0
53.696875,79.0,66.0,64.125,79.0,96.0
53.786458,76.0,55.0,64.25,76.0,96.0
53.840625,77.0,64.0,64.375,77.0,96.0
53.952083,86.0,80.0,64.5,86.0,96.0
53.966667,81.0,55.0,64.5,81.0,96.0
54.0625,88.0,68.0,64.625,88.0,96.0
54.144792,84.0,67.0,64.75,84.0,96.0
54.232292,86.0,74.0,64.875,86.0,96.0
54.33125,83.0,65.0,65.0,83.0,96.0
54.333333,74.0,58.0,65.0,74.0,96.0
54.341667,77.0,48.0,65.0,77.0,96.0
54.435417,84.0,75.0,65.125,84.0,96.0
54.526042,81.0,61.0,65.25,81.0,96.0
54.636458,83.0,63.0,65.375,83.0,96.0
54.723958,71.0,54.0,65.5,71.0,96.0
54.725,80.0,66.0,65.5,80.0,96.0
54.735417,74.0,43.0,65.5,74.0,96.0
54.847917,81.0,66.0,65.625,81.0,96.0
54.929167,77.0,60.0,65.75,77.0,96.0
55.023958,79.0,62.0,65.875,79.0,96.0
55.098958,76.0,59.0,66.0,76.0,96.0
55.103125,71.0,57.0,66.0,71.0,96.0
55.107292,68.0,55.0,66.0,68.0,96.0
55.219792,77.0,55.0,66.125,77.0,96.0
55.29375,75.0,63.0,66.25,75.0,96.0
55.388542,76.0,69.0,66.375,76.0,96.0
55.491667,84.0,75.0,66.5,84.0,96.0
55.492708,81.0,65.0,66.5,81.0,96.0
55.590625,86.0,78.0,66.625,86.0,96.0
55.690625,83.0,68.0,66.75,83.0,96.0
55.782292,84.0,73.0,66.875,84.0,96.0
55.882292,72.0,57.0,67.0,72.0,96.0
55.882292,81.0,66.0,67.0,81.0,96.0
55.886458,76.0,53.0,67.0,76.0,96.0
56.004167,83.0,65.0,67.125,83.0,96.0
56.073958,79.0,68.0,67.25,79.0,96.0
56.172917,81.0,50.0,67.375,81.0,96.0
56.269792,69.0,49.0,67.5,69.0,96.0
56.272917,77.0,58.0,67.5,77.0,96.0
56.280208,72.0,41.0,67.5,72.0,96.0
56.375,79.0,69.0,67.625,79.0,96.0
56.454167,76.0,61.0,67.75,76.0,96.0
56.547917,77.0,65.0,67.875,77.0,96.0
56.651042,74.0,64.0,68.0,74.0,96.0
56.658333,65.0,53.0,68.0,65.0,96.0
56.661458,69.0,48.0,68.0,69.0,96.0
56.779167,76.0,68.0,68.125,76.0,96.0
56.85625,72.0,62.0,68.25,72.0,96.0
56.957292,74.0,57.0,68.375,74.0,96.0
57.046875,65.0,57.0,68.5,65.0,96.0
57.046875,71.0,61.0,68.5,71.0,96.0
57.052083,62.0,47.0,68.5,62.0,96.0
57.165625,72.0,69.0,68.625,72.0,96.0
57.25,69.0,65.0,68.75,69.0,96.0
57.363542,71.0,58.0,68.875,71.0,96.0
57.442708,59.0,60.0,69.0,59.0,96.0
57.44375,68.0,71.0,69.0,68.0,96.0
57.551042,65.0,63.0,69.125,65.0,96.0
57.65,63.0,70.0,69.25,63.0,96.0
57.736458,64.0,70.0,69.375,64.0,96.0
57.826042,65.0,81.0,69.5,65.0,96.0
57.932292,66.0,75.0,69.625,66.0,96.0
57.992708,67.0,75.0,69.75,67.0,96.0
58.097917,68.0,78.0,69.875,68.0,96.0
58.196875,45.0,76.0,70.0,45.0,96.0
58.20625,64.0,63.0,70.0,64.0,96.0
58.213542,60.0,68.0,70.0,60.0,96.0
58.219792,69.0,73.0,70.0,69.0,96.0
58.330208,70.0,74.0,70.125,70.0,96.0
58.438542,71.0,67.0,70.25,71.0,96.0
58.53125,72.0,54.0,70.375,72.0,96.0
58.627083,52.0,45.0,70.5,52.0,96.0
58.630208,60.0,36.0,70.5,60.0,96.0
58.63125,64.0,43.0,70.5,64.0,96.0
58.6375,73.0,56.0,70.5,73.0,96.0
58.639583,69.0,44.0,70.5,69.0,96.0
58.641667,57.0,34.0,70.5,57.0,96.0
58.715625,74.0,65.0,70.625,74.0,96.0
58.8125,75.0,66.0,70.75,75.0,96.0
58.916667,76.0,68.0,70.875,76.0,96.0
59.015625,45.0,39.0,71.0,45.0,96.0
59.023958,77.0,59.0,71.0,77.0,96.0
59.035417,69.0,42.0,71.0,69.0,96.0
59.133333,78.0,65.0,71.125,78.0,96.0
59.236458,79.0,65.0,71.25,79.0,96.0
59.327083,80.0,55.0,71.375,80.0,96.0
59.39375,74.0,36.0,71.5,74.0,96.0
59.394792,62.0,55.0,71.5,62.0,96.0
59.402083,81.0,66.0,71.5,81.0,96.0
59.405208,53.0,56.0,71.5,53.0,96.0
59.417708,57.0,34.0,71.5,57.0,96.0
59.492708,82.0,70.0,71.625,82.0,96.0
59.604167,83.0,62.0,71.75,83.0,96.0
59.716667,84.0,60.0,71.875,84.0,96.0
59.791667,33.0,52.0,72.0,33.0,96.0
59.802083,45.0,58.0,72.0,45.0,96.0
59.809375,81.0,51.0,72.0,81.0,96.0
59.816667,85.0,59.0,72.0,85.0,96.0
59.821875,76.0,38.0,72.0,76.0,96.0
59.90625,86.0,67.0,72.125,86.0,96.0
60.009375,87.0,71.0,72.25,87.0,96.0
60.108333,88.0,64.0,72.375,88.0,96.0
60.211458,52.0,44.0,72.5,52.0,96.0
60.211458,89.0,82.0,72.5,89.0,96.0
60.213542,57.0,51.0,72.5,57.0,96.0
60.221875,81.0,57.0,72.5,81.0,96.0
60.222917,60.0,47.0,72.5,60.0,96.0
60.320833,88.0,66.0,72.625,88.0,96.0
60.385417,87.0,63.0,72.75,87.0,96.0
60.496875,86.0,71.0,72.875,86.0,96.0
60.623958,85.0,67.0,73.0,85.0,96.0
60.626042,57.0,41.0,73.0,57.0,96.0
60.630208,60.0,37.0,73.0,60.0,96.0
60.63125,76.0,47.0,73.0,76.0,96.0
60.640625,64.0,35.0,73.0,64.0,96.0
60.732292,84.0,64.0,73.125,84.0,96.0
60.815625,83.0,63.0,73.25,83.0,96.0
60.9,82.0,64.0,73.375,82.0,96.0
61.007292,81.0,66.0,73.5,81.0,96.0
61.010417,72.0,54.0,73.5,72.0,96.0
61.010417,76.0,58.0,73.5,76.0,96.0
61.107292,80.0,67.0,73.625,80.0,96.0
61.197917,83.0,66.0,73.75,83.0,96.0
61.280208,81.0,55.0,73.875,81.0,96.0
61.396875,80.0,59.0,74.0,80.0,96.0
61.402083,40.0,53.0,74.0,40.0,96.0
61.416667,71.0,48.0,74.0,71.0,96.0
61.507292,79.0,69.0,74.125,79.0,96.0
61.608333,78.0,72.0,74.25,78.0,96.0
61.703125,77.0,65.0,74.375,77.0,96.0
61.814583,76.0,64.0,74.5,76.0,96.0
61.823958,62.0,50.0,74.5,62.0,96.0
61.823958,68.0,62.0,74.5,68.0,96.0
61.827083,52.0,46.0,74.5,52.0,96.0
61.828125,59.0,53.0,74.5,59.0,96.0
61.841667,71.0,48.0,74.5,71.0,96.0
61.913542,75.0,66.0,74.625,75.0,96.0
62.011458,77.0,65.0,74.75,77.0,96.0
62.088542,76.0,63.0,74.875,76.0,96.0
62.198958,72.0,18.0,75.0,72.0,96.0
62.201042,75.0,57.0,75.0,75.0,96.0
62.205208,45.0,52.0,75.0,45.0,96.0
62.208333,69.0,49.0,75.0,69.0,96.0
62.320833,74.0,64.0,75.125,74.0,96.0
62.411458,73.0,68.0,75.25,73.0,96.0
62.49375,72.0,62.0,75.375,72.0,96.0
62.603125,52.0,50.0,75.5,52.0,96.0
62.608333,60.0,53.0,75.5,60.0,96.0
62.6125,71.0,61.0,75.5,71.0,96.0
62.621875,69.0,39.0,75.5,69.0,96.0
62.622917,57.0,37.0,75.5,57.0,96.0
62.622917,64.0,31.0,75.5,64.0,96.0
62.702083,72.0,58.0,75.625,72.0,96.0
62.804167,74.0,53.0,75.75,74.0,96.0
62.882292,72.0,44.0,75.875,72.0,96.0
62.982292,71.0,59.0,76.0,71.0,96.0
62.997917,52.0,46.0,76.0,52.0,96.0
63.008333,59.0,45.0,76.0,59.0,96.0
63.0125,68.0,44.0,76.0,68.0,96.0
63.095833,72.0,65.0,76.125,72.0,96.0
63.2,71.0,56.0,76.25,71.0,96.0
63.280208,72.0,61.0,76.375,72.0,96.0
63.375,53.0,60.0,76.5,53.0,115.0
63.375,59.0,60.0,76.5,59.0,115.0
63.375,63.0,59.0,76.5,63.0,96.0
63.38125,69.0,55.0,76.5,69.0,96.0
63.390625,71.0,59.0,76.5,71.0,96.0
63.471875,72.0,74.0,76.625,72.0,96.0
63.58541700000001,71.0,54.0,76.75,71.0,96.0
63.675,72.0,60.0,76.875,72.0,96.0
63.753125,71.0,57.0,77.0,71.0,96.0
63.760417000000004,52.0,44.0,77.0,52.0,96.0
63.779167,68.0,55.0,77.0,68.0,96.0
63.782292,64.0,22.0,77.0,64.0,96.0
63.873958,76.0,72.0,77.125,76.0,96.0
63.97708299999999,75.0,62.0,77.25,75.0,96.0
64.0875,74.0,62.0,77.375,74.0,96.0
64.172917,73.0,68.0,77.5,73.0,96.0
64.18125,62.0,59.0,77.5,62.0,96.0
64.294792,72.0,64.0,77.625,72.0,96.0
64.346875,71.0,63.0,77.75,71.0,96.0
64.455208,70.0,56.0,77.875,70.0,96.0
64.554167,69.0,68.0,78.0,69.0,96.0
64.563542,45.0,57.0,78.0,45.0,96.0
64.570833,60.0,31.0,78.0,60.0,96.0
64.664583,70.0,52.0,78.125,70.0,96.0
64.771875,71.0,59.0,78.25,71.0,96.0
64.863542,72.0,50.0,78.375,72.0,96.0
64.941667,69.0,59.0,78.5,69.0,96.0
64.965625,73.0,57.0,78.5,73.0,96.0
64.967708,64.0,45.0,78.5,64.0,96.0
64.971875,52.0,46.0,78.5,52.0,96.0
64.975,60.0,44.0,78.5,60.0,96.0
64.989583,57.0,39.0,78.5,57.0,96.0
65.057292,74.0,59.0,78.625,74.0,96.0
65.159375,75.0,62.0,78.75,75.0,96.0
65.260417,76.0,64.0,78.875,76.0,96.0
65.373958,45.0,43.0,79.0,45.0,96.0
65.373958,77.0,55.0,79.0,77.0,96.0
65.379167,69.0,45.0,79.0,69.0,96.0
65.492708,78.0,55.0,79.125,78.0,96.0
65.584375,79.0,65.0,79.25,79.0,96.0
65.6875,80.0,59.0,79.375,80.0,96.0
65.763542,62.0,52.0,79.5,62.0,96.0
65.771875,74.0,23.0,79.5,74.0,96.0
65.775,81.0,60.0,79.5,81.0,96.0
65.776042,53.0,48.0,79.5,53.0,96.0
65.785417,57.0,42.0,79.5,57.0,96.0
65.865625,82.0,65.0,79.625,82.0,96.0
65.967708,83.0,55.0,79.75,83.0,96.0
66.08125,84.0,53.0,79.875,84.0,96.0
66.145833,33.0,48.0,80.0,33.0,96.0
66.15625,45.0,55.0,80.0,45.0,96.0
66.172917,85.0,59.0,80.0,85.0,96.0
66.277083,86.0,54.0,80.125,86.0,96.0
66.377083,87.0,65.0,80.25,87.0,96.0
66.479167,88.0,59.0,80.375,88.0,96.0
66.559375,57.0,43.0,80.5,57.0,96.0
66.570833,60.0,38.0,80.5,60.0,96.0
66.571875,52.0,37.0,80.5,52.0,96.0
66.5875,89.0,65.0,80.5,89.0,96.0
66.70625,88.0,55.0,80.625,88.0,96.0
66.819792,87.0,20.0,80.75,87.0,96.0
66.897917,86.0,55.0,80.875,86.0,96.0
67.013542,57.0,40.0,81.0,57.0,96.0
67.017708,85.0,57.0,81.0,85.0,96.0
67.025,60.0,29.0,81.0,60.0,96.0
67.025,64.0,36.0,81.0,64.0,96.0
67.120833,84.0,58.0,81.125,84.0,96.0
67.211458,83.0,57.0,81.25,83.0,96.0
67.29375,82.0,51.0,81.375,82.0,96.0
67.395833,81.0,60.0,81.5,81.0,96.0
67.482292,80.0,65.0,81.625,80.0,96.0
67.582292,83.0,59.0,81.75,83.0,96.0
67.684375,81.0,53.0,81.875,81.0,96.0
67.778125,82.0,61.0,82.0,82.0,96.0
67.780208,38.0,57.0,82.0,38.0,96.0
67.783333,50.0,64.0,82.0,50.0,96.0
67.809375,74.0,19.0,82.0,74.0,96.0
67.898958,83.0,52.0,82.125,83.0,55.0
67.984375,84.0,64.0,82.25,84.0,57.0
68.09375,85.0,64.0,82.375,85.0,60.0
68.15,77.0,34.0,82.5,77.0,63.0
68.195833,86.0,70.0,82.5,86.0,63.0
68.205208,62.0,53.0,82.5,62.0,68.0
68.211458,58.0,49.0,82.5,58.0,68.0
68.215625,50.0,53.0,82.5,50.0,68.0
68.215625,53.0,43.0,82.5,53.0,68.0
68.301042,87.0,63.0,82.625,87.0,66.0
68.394792,88.0,70.0,82.75,88.0,68.0
68.489583,89.0,57.0,82.875,89.0,71.0
68.573958,40.0,59.0,83.0,40.0,77.0
68.58125,88.0,46.0,83.0,88.0,74.0
68.585417,52.0,57.0,83.0,52.0,77.0
68.604167,80.0,36.0,83.0,80.0,74.0
68.707292,89.0,58.0,83.125,89.0,77.0
68.804167,90.0,65.0,83.25,90.0,79.0
68.892708,91.0,68.0,83.375,91.0,82.0
68.988542,62.0,52.0,83.5,62.0,87.0
68.991667,59.0,52.0,83.5,59.0,87.0
68.995833,86.0,57.0,83.5,86.0,85.0
68.995833,92.0,71.0,83.5,92.0,85.0
69.004167,52.0,38.0,83.5,52.0,87.0
69.113542,93.0,56.0,83.625,93.0,88.0
69.198958,94.0,72.0,83.75,94.0,90.0
69.314583,95.0,62.0,83.875,95.0,93.0
69.442708,93.0,66.0,84.0,93.0,96.0
69.45,41.0,51.0,84.0,41.0,96.0
69.464583,53.0,46.0,84.0,53.0,96.0
69.573958,92.0,50.0,84.125,92.0,96.0
69.6625,91.0,72.0,84.25,91.0,96.0
69.767708,90.0,65.0,84.375,90.0,96.0
69.877083,57.0,59.0,84.5,57.0,96.0
69.877083,65.0,61.0,84.5,65.0,96.0
69.878125,89.0,74.0,84.5,89.0,96.0
69.885417,81.0,51.0,84.5,81.0,96.0
69.891667,60.0,48.0,84.5,60.0,96.0
69.897917,84.0,39.0,84.5,84.0,96.0
69.98125,88.0,69.0,84.625,88.0,96.0
70.0625,87.0,62.0,84.75,87.0,96.0
70.161458,86.0,73.0,84.875,86.0,96.0
70.25625,36.0,51.0,85.0,36.0,96.0
70.257292,48.0,66.0,85.0,48.0,96.0
70.270833,85.0,70.0,85.0,85.0,96.0
70.273958,76.0,50.0,85.0,76.0,96.0
70.378125,84.0,69.0,85.125,84.0,96.0
70.45625,83.0,63.0,85.25,83.0,96.0
70.557292,82.0,48.0,85.375,82.0,96.0
70.642708,57.0,58.0,85.5,57.0,96.0
70.642708,64.0,53.0,85.5,64.0,96.0
70.645833,52.0,51.0,85.5,52.0,96.0
70.658333,72.0,60.0,85.5,72.0,96.0
70.664583,81.0,70.0,85.5,81.0,96.0
70.771875,80.0,51.0,85.625,80.0,96.0
70.860417,79.0,75.0,85.75,79.0,96.0
70.948958,78.0,73.0,85.875,78.0,96.0
71.05,38.0,60.0,86.0,38.0,96.0
71.055208,50.0,62.0,86.0,50.0,96.0
71.070833,77.0,70.0,86.0,77.0,96.0
71.169792,76.0,60.0,86.125,76.0,96.0
71.248958,75.0,61.0,86.25,75.0,96.0
71.353125,74.0,73.0,86.375,74.0,96.0
71.458333,53.0,50.0,86.5,53.0,96.0
71.458333,73.0,69.0,86.5,73.0,96.0
71.471875,58.0,52.0,86.5,58.0,96.0
71.473958,62.0,45.0,86.5,62.0,96.0
71.483333,65.0,40.0,86.5,65.0,96.0
71.566667,74.0,65.0,86.625,74.0,93.0
71.666667,77.0,76.0,86.75,77.0,92.0
71.775,74.0,71.0,86.875,74.0,91.0
71.852083,52.0,48.0,87.0,52.0,89.0
71.855208,60.0,42.0,87.0,60.0,89.0
71.859375,57.0,51.0,87.0,57.0,89.0
71.877083,71.0,67.0,87.0,71.0,89.0
71.904167,64.0,50.0,87.0,64.0,89.0
71.978125,72.0,71.0,87.125,72.0,88.0
72.096875,76.0,50.0,87.25,76.0,87.0
72.183333,72.0,55.0,87.375,72.0,85.0
72.244792,52.0,53.0,87.5,52.0,84.0
72.276042,70.0,65.0,87.5,70.0,84.0
72.4,71.0,56.0,87.625,71.0,79.0
72.476042,76.0,73.0,87.75,76.0,77.0
72.565625,71.0,62.0,87.875,71.0,74.0
72.68125,57.0,49.0,88.0,57.0,72.0
72.686458,45.0,43.0,88.0,45.0,72.0
72.713542,69.0,61.0,88.0,69.0,72.0
72.73125,60.0,45.0,88.0,60.0,72.0
72.808333,70.0,68.0,88.125,70.0,69.0
72.898958,71.0,62.0,88.25,71.0,67.0
72.99375,72.0,60.0,88.375,72.0,64.0
73.084375,69.0,62.0,88.5,69.0,66.0
73.097917,41.0,62.0,88.5,41.0,66.0
73.1,53.0,64.0,88.5,53.0,66.0
73.1,62.0,55.0,88.5,62.0,66.0
73.109375,73.0,59.0,88.5,73.0,66.0
73.228125,74.0,57.0,88.625,74.0,67.0
73.322917,75.0,66.0,88.75,75.0,68.0
73.439583,76.0,64.0,88.875,76.0,69.0
73.532292,77.0,73.0,89.0,77.0,70.0
73.55,74.0,52.0,89.0,74.0,70.0
73.669792,78.0,64.0,89.125,78.0,71.0
73.778125,79.0,66.0,89.25,79.0,73.0
73.844792,80.0,69.0,89.375,80.0,74.0
73.933333,40.0,70.0,89.5,40.0,75.0
73.934375,52.0,76.0,89.5,52.0,75.0
73.940625,76.0,69.0,89.5,76.0,75.0
73.948958,81.0,77.0,89.5,81.0,75.0
73.952083,74.0,52.0,89.5,74.0,75.0
74.071875,82.0,81.0,89.625,82.0,76.0
74.165625,83.0,66.0,89.75,83.0,77.0
74.227083,84.0,74.0,89.875,84.0,78.0
74.323958,45.0,91.0,90.0,45.0,79.0
74.33125,33.0,78.0,90.0,33.0,79.0
74.3375,76.0,60.0,90.0,76.0,79.0
74.34375,81.0,61.0,90.0,81.0,79.0
74.351042,72.0,48.0,90.0,72.0,79.0
74.464583,82.0,75.0,90.125,82.0,80.0
74.565625,83.0,69.0,90.25,83.0,81.0
74.65625,84.0,76.0,90.375,84.0,82.0
74.757292,41.0,98.0,90.5,41.0,83.0
74.760417,74.0,72.0,90.5,74.0,83.0
74.764583,29.0,88.0,90.5,29.0,83.0
74.766667,81.0,70.0,90.5,81.0,83.0
74.76875,85.0,74.0,90.5,85.0,83.0
74.889583,86.0,77.0,90.625,86.0,84.0
74.995833,87.0,76.0,90.75,87.0,85.0
75.105208,88.0,73.0,90.875,88.0,86.0
75.197917,89.0,76.0,91.0,89.0,87.0
75.2,81.0,61.0,91.0,81.0,87.0
75.202083,86.0,68.0,91.0,86.0,87.0
75.326042,90.0,73.0,91.125,90.0,89.0
75.417708,91.0,76.0,91.25,91.0,90.0
75.519792,92.0,72.0,91.375,92.0,91.0
75.611458,86.0,83.0,91.5,86.0,92.0
75.615625,28.0,80.0,91.5,28.0,92.0
75.615625,40.0,91.0,91.5,40.0,92.0
75.627083,93.0,83.0,91.5,93.0,92.0
75.639583,88.0,54.0,91.5,88.0,92.0
75.763542,94.0,85.0,91.625,94.0,93.0
75.85625,95.0,68.0,91.75,95.0,94.0
75.938542,96.0,77.0,91.875,96.0,95.0
76.053125,93.0,88.0,92.0,93.0,96.0
76.061458,45.0,95.0,92.0,45.0,96.0
76.069792,84.0,71.0,92.0,84.0,96.0
76.071875,88.0,71.0,92.0,88.0,96.0
76.078125,33.0,74.0,92.0,33.0,96.0
76.191667,92.0,74.0,92.125,92.0,96.0
76.311458,91.0,72.0,92.25,91.0,96.0
76.401042,90.0,77.0,92.375,90.0,96.0
76.523958,89.0,82.0,92.5,89.0,96.0
76.528125,86.0,72.0,92.5,86.0,96.0
76.533333,81.0,62.0,92.5,81.0,96.0
76.647917,88.0,69.0,92.625,88.0,96.0
76.71875,87.0,65.0,92.75,87.0,96.0
76.822917,86.0,74.0,92.875,86.0,96.0
76.933333,85.0,71.0,93.0,85.0,96.0
76.944792,77.0,58.0,93.0,77.0,96.0
77.044792,84.0,74.0,93.125,84.0,96.0
77.132292,83.0,56.0,93.25,83.0,96.0
77.208333,82.0,68.0,93.375,82.0,96.0
77.319792,77.0,43.0,93.5,77.0,96.0
77.323958,74.0,60.0,93.5,74.0,96.0
77.325,81.0,68.0,93.5,81.0,96.0
77.441667,80.0,60.0,93.625,80.0,96.0
77.546875,79.0,71.0,93.75,79.0,96.0
77.652083,78.0,67.0,93.875,78.0,96.0
77.757292,77.0,68.0,94.0,77.0,91.0
77.776042,74.0,45.0,94.0,74.0,91.0
77.792708,69.0,40.0,94.0,69.0,91.0
77.855208,76.0,62.0,94.125,76.0,88.0
77.953125,75.0,59.0,94.25,75.0,86.0
78.072917,74.0,69.0,94.375,74.0,83.0
78.186458,73.0,64.0,94.5,73.0,80.0
78.205208,65.0,38.0,94.5,65.0,80.0
78.310417,72.0,62.0,94.625,72.0,78.0
78.394792,71.0,59.0,94.75,71.0,75.0
78.490625,70.0,59.0,94.875,70.0,73.0
78.605208,65.0,45.0,95.0,65.0,70.0
78.63125,69.0,60.0,95.0,69.0,70.0
78.632292,62.0,46.0,95.0,62.0,70.0
78.75,68.0,59.0,95.125,68.0,67.0
78.860417,67.0,64.0,95.25,67.0,65.0
78.96875,66.0,62.0,95.375,66.0,62.0
79.123958,65.0,56.0,95.5,65.0,59.0
79.130208,62.0,40.0,95.5,62.0,59.0
79.144792,57.0,34.0,95.5,57.0,59.0
79.290625,64.0,47.0,95.625,64.0,57.0
79.426042,63.0,54.0,95.75,63.0,54.0
79.626042,62.0,49.0,95.875,62.0,52.0
80.017708,61.0,48.0,96.0,61.0,49.0
80.032292,52.0,39.0,96.0,52.0,49.0
80.034375,57.0,29.0,96.0,57.0,49.0
