0.0	db,4/2,3
3.0	b
6.0661765	b
9.3538485	b
12.3538485	db
15.3538485	b
18.413631	b
21.701303	b
24.701303	db
27.701303	b
30.77181625	b
33.97181625	b
37.071816250000005	db
40.071816250000005	b
43.14422325	b
46.055988250000006	b
49.21063466666667	db
52.21063466666667	b
55.25230141666667	b
58.25230141666667	b
61.17203216666667	db
64.17203216666667	b
67.21369891666666	b
70.21369891666666	b
73.10526491666666	db
76.06822691666666	b
79.07748541666666	b
82.02326841666667	b
84.92865808333333	db
87.78742208333334	b
90.67081033333334	b
93.52254108333334	b
96.46621158333333	db
99.32335358333334	b
102.48504108333334	b
105.44800308333335	b
108.30514508333336	db,9/4
112.68710858333336	b
117.27271108333336	b
120.0931607916667	db,4/8
120.2970309166667	b
120.4979281666667	b
120.6959412916667	b
120.8913221666667	db
121.0861906666667	b
121.2784981666667	b
121.47080566666669	b
121.6662451666667	db
121.8735421666667	b
122.0684106666667	b
122.26327916666669	b
122.45814766666669	db
122.65301616666669	b
122.84594216666669	b
123.03886816666669	b
123.23179416666669	db
123.43015416666668	b
123.62641216666668	b
123.82267016666668	b
124.02466316666668	db
124.22226566666669	b
124.41986816666669	b
124.61747066666669	b
124.8184891666667	db
125.0195076666667	b
125.2205261666667	b
125.4215446666667	b
125.62256316666671	db
125.82358166666671	b
126.02460016666672	b
126.22561866666672	b
126.42663716666672	db
126.63050729166672	b
126.83140454166671	b
127.02941766666672	b
127.22479854166671	db
127.41966704166671	b
127.61197454166671	b
127.80428204166671	b
127.99658954166671	db
128.20388654166672	b
128.39875504166673	b
128.59362354166674	b
128.78849204166676	db
128.98336054166677	b
129.17566804166677	b
129.36797554166677	b
129.56341504166676	db
129.76177504166677	b
129.95803304166677	b
130.15429104166677	b
130.35628404166675	db
130.55388654166674	b
130.75148904166673	b
130.94909154166672	b
131.15011004166672	db
131.35112854166672	b
131.55214704166673	b
131.75316554166673	b
131.95418404166674	db
132.15313604166673	b
132.35208804166672	b
132.5510400416667	b
132.7499920416667	db
132.9552745416667	b
133.16055704166672	b
133.3595090416667	b
133.5584610416667	db
133.7574130416667	b
133.9563650416667	b
134.15531704166668	b
134.35426904166667	db
134.54719504166667	b
134.74012104166667	b
134.93304704166667	b
135.12597304166667	db
135.31941879166666	b
135.51459504166667	b
135.71158716666667	b
135.9104291666667	db
136.1157116666667	b
136.3209941666667	b
136.5199461666667	b
136.7188981666667	db
136.91785016666668	b
137.11680216666667	b
137.31575416666666	b
137.51470616666666	db
137.70639966666667	b
137.89809316666668	b
138.0897866666667	b
138.28127725000002	db
138.4728714166667	b
138.6667869166667	b
138.86313500000003	b
139.06192345833335	db
139.26192345833334	b
139.45752895833334	b
139.64983645833334	b
139.84214395833334	db
140.03445145833334	b
140.22675895833333	b
140.41906645833333	b
140.61137395833333	db
140.80681345833332	b
141.00225295833332	b
141.1976924583333	b
141.3931319583333	db
141.59005995833328	b
141.7869879583333	b
141.9839159583333	b
142.18084395833333	db
142.38612645833334	b
142.58173195833334	b
142.77403945833333	b
142.96634695833333	db
143.15865445833333	b
143.35096195833333	b
143.54326945833333	b
143.73557695833333	db
143.93101645833332	b
144.1264559583333	b
144.3218954583333	b
144.5173349583333	db
144.71426295833328	b
144.9111909583333	b
145.1081189583333	b
145.30504695833332	db
145.51032945833333	b
145.70263695833333	b
145.89433045833334	b
146.08602395833336	db
146.27771745833337	b
146.46941095833338	b
146.6611044583334	b
146.8527979583334	db
147.0482374583334	b
147.2436769583334	b
147.4366029583334	b
147.6295289583334	db
147.82475900000006	b
148.02019850000005	b
148.21250600000005	b
148.40481350000005	db
148.60025300000004	b
148.79569250000003	b
148.98924100000002	b
149.1827895	db
149.377647375	b
149.572452375	b
149.767257375	b
149.96206237500002	db
150.16408237500002	b
150.36610237500003	b
150.56812237500003	b
150.77014237500003	db
150.97216237500004	b
151.17418237500004	b
151.37620237500005	b
151.57822237500005	db
151.78300037500006	b
151.98434287500007	b
152.17978237500006	b
152.37522187500005	db
152.57930337500005	b
152.78338487500005	b
152.98272037500004	b
153.18205587500003	db
153.38475837500002	b
153.584758375	b
153.784758375	b
153.988148375	db
154.19153837500002	b
154.391538375	b
154.591538375	b
154.793558375	db
155.001170875	b
155.201170875	b
155.396610375	b
155.592049875	db
155.796131375	b
156.000212875	b
156.20021287499998	b
156.40021287499997	db
156.60360287499995	b
156.80699287499996	b
157.01038287499998	b
157.213772875	db
157.417162875	b
157.62055287500002	b
157.82394287500003	b
158.02733287500004	db
158.23566637500005	b
158.43566637500004	b
158.63110587500003	b
158.82654537500002	db
159.03062687500002	b
159.23470837500003	b
159.43404387500001	b
159.633379375	db
159.836081875	b
160.03608187499998	b
160.23608187499997	b
160.43947187499995	db
160.64286187499997	b
160.84286187499995	b
161.04286187499994	b
161.24488187499995	db
161.45321537499996	b
161.65123537499997	b
161.84541037499997	b
162.03958537499997	db
162.24366687499997	b
162.44774837499997	b
162.647748375	b
162.84774837499998	db
163.05113837499997	b
163.25452837499998	b
163.457918375	b
163.661308375	db
163.86469837500002	b
164.06808837500003	b
164.27147837500004	b
164.47486837500006	db
164.67964637500006	b
164.88031537500007	b
165.07703687500006	b
165.27375837500006	db
165.47783987500006	b
165.68192137500006	b
165.88125687500005	b
166.08059237500004	db
166.28329487500002	b
166.483294875	b
166.683294875	b
166.886684875	db
167.090074875	b
167.290074875	b
167.49007487499998	b
167.69209487499998	db
167.89899137499998	b
168.097666875	b
168.292471875	b
168.487276875	db
168.691358375	b
168.895439875	b
169.095439875	b
169.295439875	db
169.49882987499998	b
169.702219875	b
169.905609875	b
170.10899987500002	db
170.31238987500004	b
170.51577987500005	b
170.71916987500006	b
170.92255987500008	db
171.12733787500008	b
171.32733787500007	b
171.52470637500008	b
171.73018587500007	db
171.93566537500007	b
172.14114487500007	b
172.34114487500005	b
172.54114487500004	db
172.74453487500003	b
172.94792487500004	b
173.15131487500005	b
173.35470487500007	db
173.55809487500008	b
173.7614848750001	b
173.9648748750001	b
174.16826487500012	db
174.37805487500012	b
174.57939737500013	b
174.7774173750001	b
174.9828968750001	db
175.1883763750001	b
175.3938558750001	b
175.5938558750001	b
175.79385587500008	db
175.9972458750001	b
176.2006358750001	b
176.40402587500012	b
176.60741587500013	db
176.81080587500014	b
177.01419587500015	b
177.21758587500017	b
177.42097587500018	db
177.6243658750002	b
177.8277558750002	b
178.03114587500022	b
178.23453587500023	db
178.43792587500025	b
178.64131587500026	b
178.84470587500027	b
179.04809587500029	db
179.2514858750003	b
179.4548758750003	b
179.65826587500032	b
179.86165587500034	db
180.06498858333367	b
180.268610916667	b
180.47456308333366	b
180.68289933333367	db
180.89566533333365	b
181.10843133333364	b
181.32119733333363	b
181.53396333333365	db
181.75455133333364	b
181.97513933333363	b
182.19572733333362	b
182.4163153333336	db
182.6369033333336	b
182.84572050000028	b
183.05339391666695	b
183.25987566666694	db
183.46535516666694	b
183.67083466666693	b
183.87631416666693	b
184.08179366666693	db
184.30592179166692	b
184.51425529166693	b
184.72186779166694	b
184.92876429166694	db
185.13494979166694	b
185.34113529166694	b
185.54732079166695	b
185.76193779166695	db
185.9652132083336	b
186.1676882083336	b
186.36931300000026	b
186.57015037500025	db
186.76622887500025	b
186.96230737500025	b
187.15838587500025	b
187.35446437500025	db
187.54734458333357	b
187.74158270833357	b
187.93389020833357	b
188.1281846666669	db
188.32096050000024	b
188.51347970833356	b
188.7062106666669	b
188.89909154166688	db
189.09208575000022	b
189.28486162500022	b
189.47743270833354	b
189.67093404166687	db
189.8629378750002	b
190.0572221250002	b
190.26061212500022	b
190.4640021250002	db
190.6613896250002	b
190.8568291250002	b
191.05226862500018	b
191.25635012500018	db
191.45539937500018	b
191.65147787500018	b
191.84755637500018	b
192.06829087500017	db
192.27808087500017	b
192.48689804166685	b
192.6945714583335	b
192.9010532083335	db
193.1065327083335	b
193.3120122083335	b
193.5174917083335	b
193.7229712083335	db
193.94709933333348	b
194.1554328333335	b
194.3630453333335	b
194.5699418333335	db
194.7761273333335	b
194.9823128333335	b
195.1884983333335	b
195.40311533333352	db
195.60639075000017	b
195.80886575000017	b
196.01049054166683	b
196.21132791666682	db
196.40740641666682	b
196.60348491666682	b
196.7995634166668	b
196.9956419166668	db
197.18935191666682	b
197.38254229166682	b
197.57672412500017	b
197.77054091666685	db
197.9635204583335	b
198.1579628333335	b
198.35156554166684	b
198.54486154166685	db
198.73826604166683	b
198.93213600000016	b
199.12347675000015	b
199.31687654166683	db
199.5118067083335	b
199.7060374583335	b
199.9094274583335	b
200.11281745833352	db
200.31257795833352	b
200.5080174583335	b
200.70345695833353	b
200.90753845833353	db
201.10624895833354	b
201.30232745833354	b
201.49840595833354	b
201.70179595833355	db
201.91158595833355	b
202.11026145833355	b
202.30899195833356	b
202.51148762500023	db
202.71484158333354	b
202.91357208333355	b
203.11224758333356	b
203.31320983333356	db
203.51456495833355	b
203.71258495833357	b
203.91060495833358	b
204.1112865833336	db
204.31258408333358	b
204.51125958333358	b
204.7099350833336	b
204.90861058333363	db
205.1184005833336	b
205.3170760833336	b
205.5158065833336	b
205.7183022500003	db
205.92165620833362	b
206.12038670833363	b
206.31906220833363	b
206.52002445833364	db
206.72137958333363	b
206.91939958333364	b
207.11741958333366	b
207.31810120833367	db
207.51939870833365	b
207.71807420833366	b
207.91669508333365	b
208.12394283333373	db
208.34534483333366	b
208.54402033333366	b
208.74604033333364	b
208.94471583333365	db
209.14339133333365	b
209.34206683333366	b
209.54074233333367	b
209.7394178333337	db
209.94847683333367	b
210.14715233333368	b
210.34917233333366	b
210.54784783333366	db
210.74652333333367	b
210.94519883333368	b
211.1438743333337	b
211.35366433333368	db
211.55366433333367	b
211.75366433333366	b
211.95366433333365	b
212.15366433333364	db
212.35233983333364	b
212.55101533333365	b
212.74969083333372	b
212.96474483333367	db
213.16474483333366	b
213.36474483333365	b
213.56474483333363	b
213.76474483333362	db
213.96276483333364	b
214.16078483333365	b
214.3588048333337	b
214.57157083333365	db
214.77157083333364	b
214.97157083333363	b
215.17157083333362	b
215.3715708333336	db
215.56959083333362	b
215.76761083333363	b
215.96563083333368	b
216.17689833333375	db
216.41786233333374	b
216.65882633333374	b
216.89979033333373	b
217.14075433333443	db
217.64075433333443	b
218.14075433333443	b
218.64075433333443	b
219.14075433333363	db
219.3446244583336	b
219.5455217083336	b
219.7435348333336	b
219.93891570833358	db
220.13378420833357	b
220.32609170833356	b
220.51839920833356	b
220.71383870833358	db
220.92113570833354	b
221.11600420833355	b
221.31087270833356	b
221.50574120833357	db
221.70060970833356	b
221.89353570833356	b
222.08646170833356	b
222.2793877083336	db
222.4777477083336	b
222.6740057083336	b
222.87026370833362	b
223.0722567083336	db
223.2698592083336	b
223.4674617083336	b
223.6650642083336	b
223.8660827083336	db
224.0671012083336	b
224.26811970833361	b
224.46913820833362	b
224.67015670833362	db
224.87117520833363	b
225.07219370833363	b
225.27321220833363	b
225.47423070833364	db
225.67810083333362	b
225.8789980833336	b
226.0770112083336	b
226.27239208333359	db
226.46726058333357	b
226.65956808333357	b
226.85187558333357	b
227.04418308333362	db
227.25148008333358	b
227.4463485833336	b
227.6412170833336	b
227.8360855833336	db
228.0309540833336	b
228.2232615833336	b
228.4155690833336	b
228.61100858333361	db
228.8093685833336	b
229.0056265833336	b
229.20188458333362	b
229.4038775833336	db
229.6014800833336	b
229.7990825833336	b
229.9966850833336	b
230.1977035833336	db
230.3987220833336	b
230.5997405833336	b
230.80075908333362	b
231.00177758333362	db
231.2007295833336	b
231.3996815833336	b
231.5986335833336	b
231.7975855833336	db
232.00286808333362	b
232.2081505833336	b
232.4071025833336	b
232.6060545833336	db
232.80500658333358	b
233.00395858333357	b
233.20291058333356	b
233.40186258333355	db
233.59478858333355	b
233.78771458333355	b
233.98064058333355	b
234.17356658333355	db
234.36701233333355	b
234.56218858333355	b
234.75918070833356	b
234.95802270833357	db
235.16330520833358	b
235.36858770833356	b
235.56753970833356	b
235.76649170833355	db
235.96544370833354	b
236.16439570833353	b
236.36334770833352	b
236.5622997083335	db
236.75399320833353	b
236.94568670833354	b
237.13738020833355	b
237.32887079166687	db
237.52046495833355	b
237.71438045833355	b
237.91072854166688	b
238.10951700000024	db
238.30951700000023	b
238.50512250000023	b
238.69743000000022	b
238.88973750000022	db
239.08204500000022	b
239.27435250000022	b
239.46666000000022	b
239.65896750000022	db
239.8544070000002	b
240.0498465000002	b
240.2452860000002	b
240.44072550000018	db
240.6376535000002	b
240.8345815000002	b
241.03150950000023	b
241.22843750000024	db
241.43372000000022	b
241.62932550000022	b
241.82163300000022	b
242.01394050000022	db
242.20624800000022	b
242.3985555000002	b
242.5908630000002	b
242.7831705000002	db
242.9786100000002	b
243.1740495000002	b
243.3694890000002	b
243.56492850000018	db
243.7618565000002	b
243.9587845000002	b
244.15571250000022	b
244.35264050000023	db
244.5579230000002	b
244.75023050000019	b
244.9419240000002	b
245.1336175000002	db
245.32531100000023	b
245.51700450000024	b
245.70869800000025	b
245.90039150000027	db
246.09583100000026	b
246.29127050000025	b
246.48419650000025	b
246.67712250000025	db
246.8723525416669	b
247.0677920416669	b
247.2600995416669	b
247.4524070416669	db
247.6478465416669	b
247.8432860416669	b
248.03683454166688	b
248.23038304166687	db
248.42524091666687	b
248.62004591666687	b
248.81485091666687	b
249.0096559166669	db
249.2116759166669	b
249.4136959166669	b
249.61571591666691	b
249.81773591666692	db
250.01975591666692	b
250.22177591666693	b
250.42379591666693	b
250.62581591666694	db
250.83059391666694	b
251.03193641666692	b
251.22737591666692	b
251.42281541666694	db
251.62689691666694	b
251.83097841666694	b
252.03031391666693	b
252.22964941666694	db
252.43235191666693	b
252.63235191666692	b
252.83235191666694	b
253.03574191666695	db
253.23913191666693	b
253.43913191666692	b
253.63913191666694	b
253.84115191666694	db
254.04876441666693	b
254.24876441666692	b
254.4442039166669	b
254.63964341666693	db
254.84372491666693	b
255.04780641666693	b
255.24780641666692	b
255.44780641666694	db
255.65119641666695	b
255.85458641666696	b
256.057976416667	b
256.261366416667	db
256.464756416667	b
256.668146416667	b
256.871536416667	b
257.07492641666704	db
257.283259916667	b
257.483259916667	b
257.67869941666703	b
257.87413891666705	db
258.078220416667	b
258.282301916667	b
258.481637416667	b
258.68097291666703	db
258.883675416667	b
259.083675416667	b
259.283675416667	b
259.487065416667	db
259.690455416667	b
259.890455416667	b
260.090455416667	b
260.292475416667	db
260.500808916667	b
260.69882891666697	b
260.89300391666694	b
261.08717891666697	db
261.29126041666694	b
261.4953419166669	b
261.6953419166669	b
261.8953419166669	db
262.0987319166669	b
262.3021219166669	b
262.50551191666693	b
262.70890191666695	db
262.91229191666696	b
263.115681916667	b
263.319071916667	b
263.522461916667	db
263.727239916667	b
263.927908916667	b
264.124630416667	b
264.321351916667	db
264.525433416667	b
264.729514916667	b
264.928850416667	b
265.128185916667	db
265.330888416667	b
265.530888416667	b
265.73088841666697	b
265.934278416667	db
266.137668416667	b
266.337668416667	b
266.537668416667	b
266.739688416667	db
266.94658491666695	b
267.14526041666693	b
267.3400654166669	b
267.53487041666693	db
267.7389519166669	b
267.9430334166669	b
268.14303341666687	b
268.34303341666686	db
268.54642341666687	b
268.7498134166669	b
268.9532034166669	b
269.1565934166669	db
269.3599834166669	b
269.56337341666693	b
269.76676341666695	b
269.97015341666696	db
270.17493141666694	b
270.3749314166669	b
270.57229991666696	b
270.777779416667	db
270.983258916667	b
271.188738416667	b
271.38873841666697	b
271.58873841666696	db
271.79212841666697	b
271.995518416667	b
272.198908416667	b
272.402298416667	db
272.605688416667	b
272.80907841666703	b
273.01246841666705	b
273.21585841666706	db
273.425648416667	b
273.626990916667	b
273.82501091666705	b
274.0304904166671	db
274.2359699166671	b
274.44144941666707	b
274.64144941666706	b
274.84144941666705	db
275.04483941666706	b
275.2482294166671	b
275.4516194166671	b
275.6550094166671	db
275.8583994166671	b
276.0617894166671	b
276.26517941666714	b
276.46856941666715	db
276.67195941666716	b
276.8753494166672	b
277.0787394166672	b
277.2821294166672	db
277.4855194166672	b
277.68890941666723	b
277.89229941666724	b
278.09568941666726	db
278.29907941666727	b
278.5024694166673	b
278.7058594166673	b
278.9092494166673	db
279.11258212500064	b
279.31620445833397	b
279.52215662500066	b
279.7304928750007	db
279.9432588750007	b
280.1560248750007	b
280.3687908750007	b
280.58155687500073	db
280.80214487500075	b
281.02273287500077	b
281.2433208750008	b
281.4639088750008	db
281.6844968750007	b
281.8933140416674	b
282.10098745833403	b
282.307469208334	db
282.512948708334	b
282.71842820833405	b
282.92390770833407	b
283.1293872083342	db
283.3535153333341	b
283.56184883333407	b
283.76946133333405	b
283.976357833334	db
284.182543333334	b
284.388728833334	b
284.59491433333403	b
284.809531333334	db
285.01280675000066	b
285.21528175000066	b
285.41690654166734	b
285.61774391666734	db
285.81382241666734	b
286.00990091666733	b
286.20597941666733	b
286.40205791666733	db
286.5949381250007	b
286.78917625000065	b
286.9814837500007	b
287.175778208334	db
287.3685540416673	b
287.5610732500007	b
287.753804208334	b
287.946685083334	db
288.13967929166733	b
288.33245516666733	b
288.5250262500006	b
288.718527583334	db
288.9105314166673	b
289.1048156666674	b
289.3082056666674	b
289.51159566666735	db
289.70898316666734	b
289.90442266666736	b
290.09986216666744	b
290.3039436666674	db
290.5029929166674	b
290.6990714166674	b
290.8951499166675	b
291.1158844166674	db
291.3256744166674	b
291.5344915833341	b
291.74216500000074	b
291.9486467500007	db
292.15412625000073	b
292.35960575000075	b
292.5650852500008	b
292.7705647500009	db
292.9946928750008	b
293.2030263750008	b
293.41063887500076	b
293.6175353750007	db
293.82372087500073	b
294.02990637500073	b
294.23609187500074	b
294.4507088750007	db
294.65398429166737	b
294.85645929166736	b
295.05808408333405	b
295.25892145833404	db
295.45499995833404	b
295.65107845833404	b
295.84715695833404	b
296.04323545833404	db
296.23694545833405	b
296.430135833334	b
296.62431766666737	b
296.81813445833404	db
297.0111140000007	b
297.2055563750007	b
297.39915908333404	b
297.5924550833341	db
297.78585958333406	b
297.9797295416674	b
298.1710702916674	b
298.364470083334	db
298.55940025000075	b
298.7536310000008	b
298.9570210000008	b
299.1604110000008	db
299.3601715000007	b
299.55561100000074	b
299.7510505000008	b
299.9551320000008	db
300.15384250000074	b
300.34992100000073	b
300.5459995000008	b
300.74938950000086	db
300.9591795000008	b
301.1578550000008	b
301.3565855000008	b
301.5590811666675	db
301.76243512500076	b
301.9611656250008	b
302.15984112500075	b
302.3608033750008	db
302.56215850000075	b
302.76017850000073	b
302.9581985000007	b
303.15888012500074	db
303.3601776250007	b
303.55885312500067	b
303.75752862500065	b
303.95620412500074	db
304.1659941250007	b
304.36466962500066	b
304.56340012500067	b
304.7658957916674	db
304.9692497500007	b
305.1679802500007	b
305.3666557500007	b
305.5676180000007	db
305.7689731250007	b
305.96699312500067	b
306.16501312500066	b
306.36569475000067	db
306.5669922500006	b
306.7656677500006	b
306.9642886250006	b
307.17153637500076	db
307.3929383750006	b
307.59161387500063	b
307.79363387500064	b
307.9923093750006	db
308.1909848750006	b
308.3896603750006	b
308.58833587500055	b
308.7870113750006	db
308.9960703750005	b
309.19474587500054	b
309.39676587500054	b
309.5954413750005	db
309.7941168750005	b
309.9927923750005	b
310.19146787500057	b
310.4012578750005	db
310.6012578750005	b
310.8012578750005	b
311.0012578750005	b
311.20125787500046	db
311.39993337500044	b
311.5986088750004	b
311.7972843750005	b
312.0123383750004	db
312.2123383750004	b
312.4123383750004	b
312.6123383750004	b
312.81233837500037	db
313.01035837500035	b
313.20837837500034	b
313.40639837500044	b
313.61916437500037	db
313.81916437500035	b
314.01916437500034	b
314.21916437500033	b
314.4191643750003	db
314.6171843750003	b
314.8152043750003	b
315.01322437500033	b
315.22449187500047	db
315.4654558750005	b
315.7064198750005	b
315.9473838750005	b
316.18834787500174	db
316.68834787500174	b
317.18834787500174	b
317.68834787500174	b
318.1883478749994	db,4/2
321.1883478749994	b
324.2545243749994	b
327.5421963749994	b
330.5421963749994	db
333.5421963749994	b
336.60197887499936	b
339.88965087499935	b
342.88965087499935	db
345.88965087499935	b
348.9601641249993	b
352.1601641249993	b
355.3601641249993	db
358.5601641249993	b
361.76767587499927	b
365.3000180416659	b
370.603589041666	db,4/8,0
370.810886041666	b
371.00575454166597	b
371.20062304166595	b
371.39549154166593	db
371.5903600416659	b
371.7832860416659	b
371.9762120416659	b
372.1691380416659	db
372.3674980416659	b
372.5658580416659	b
372.76421804166586	b
372.96257804166584	db
373.1609380416658	b
373.3592980416658	b
373.5541030416658	b
373.76028854166583	db
373.95962404166585	b
374.15895954166587	b
374.3582950416659	b
374.5576305416659	db
374.7549990416659	b
374.95236754166586	b
375.14717254166584	b
375.35335804166584	db
375.5606550416658	b
375.7555235416658	b
375.9503920416658	b
376.1452605416658	db
376.34012904166576	b
376.53305504166576	b
376.72598104166576	b
376.91890704166576	db
377.11726704166574	b
377.3156270416657	b
377.5139870416657	b
377.7123470416657	db
377.91070704166566	b
378.10906704166564	b
378.30387204166567	b
378.5100575416657	db
378.7093930416657	b
378.9087285416657	b
379.1080640416657	b
379.30739954166575	db
379.5047680416657	b
379.7021365416657	b
379.89694154166574	b
380.10312704166574	db
380.30312704166573	b
380.49667554166575	b
380.69734454166576	b
380.89027054166576	db
381.09027054166575	b
381.28381904166577	b
381.48381904166575	b
381.67674504166575	db
381.87808754166576	b
382.0735270416658	b
382.2689665416658	b
382.4644060416658	db
382.65795454166584	b
382.85150304166586	b
383.0450515416659	b
383.2386000416659	db
383.4386000416659	b
383.6321485416659	b
383.8328175416659	b
384.0257435416659	db
384.2257435416659	b
384.4192920416659	b
384.6192920416659	b
384.8122180416659	db
385.0135605416659	b
385.20900004166594	b
385.40443954166597	b
385.599879041666	db
385.793427541666	b
385.986976041666	b
386.18052454166605	b
386.37407304166607	db
386.57407304166605	b
386.7676215416661	b
386.9682905416661	b
387.1612165416661	db
387.36121654166607	b
387.5547650416661	b
387.7547650416661	b
387.9476910416661	db
388.1431837916661	b
388.33904929166613	b
388.53411866666613	b
388.7283464583328	db
388.9218949583328	b
389.11544345833283	b
389.30899195833285	b
389.50610070833284	db
389.69964920833286	b
389.8931977083329	b
390.0867462083329	b
390.2838549583329	db
390.47802995833285	b
390.6722049583328	b
390.8663799583328	b
391.0641387083328	db
391.2576872083328	b
391.45123570833283	b
391.64478420833285	b
391.84189295833283	db
392.0360679583328	b
392.2302429583328	b
392.42441795833275	b
392.62251545833277	db
392.81669045833274	b
393.0108654583327	b
393.2050404583327	b
393.4031379583327	db
393.5973129583327	b
393.79148795833265	b
393.9856629583326	b
394.1798379583326	db
394.3772064583326	b
394.57457495833256	b
394.76937995833254	b
394.9641849583325	db
395.1589899583325	b
395.35379495833246	b
395.54859995833243	b
395.7434049583324	db
395.9382099583324	b
396.1376532083324	b
396.3324582083324	b
396.5272632083324	db
396.72206820833236	b
396.91687320833233	b
397.1116782083323	b
397.31115945833227	db
397.50917945833226	b
397.70404795833224	b
397.8989164583322	b
398.0937849583322	db
398.2886534583322	b
398.4815794583322	b
398.6745054583322	b
398.8674314583322	db
399.0628709583322	b
399.2635399583322	b
399.45897945833224	b
399.65441895833226	db
399.8498584583323	b
400.0452979583323	b
400.2446334583323	b
400.44396895833233	db
400.6413374583323	b
400.8387059583323	b
401.03351095833233	b
401.2283159583323	db
401.4231209583323	b
401.61792595833225	b
401.8127309583322	b
402.0075359583322	db
402.2023409583322	b
402.4017842083322	b
402.5965892083322	b
402.7913942083322	db
402.98619920833215	b
403.1810042083321	b
403.3758092083321	b
403.57529045833206	db
403.7733104583321	b
403.9681789583321	b
404.1630474583321	b
404.35791595833206	db
404.55278445833204	b
404.74571045833204	b
404.93863645833204	b
405.13156245833204	db
405.327001958332	b
405.527670958332	b
405.72311045833203	b
405.91854995833205	db
406.11398945833207	b
406.3094289583321	b
406.50876445833205	b
406.70809995833207	db
406.9035394583321	b
407.1042084583321	b
407.2996479583321	b
407.49508745833214	db
407.69052695833216	b
407.8859664583322	b
408.08530195833214	b
408.28463745833216	db
408.4800769583322	b
408.6807459583322	b
408.8761854583322	b
409.0716249583322	db
409.26706445833224	b
409.46250395833226	b
409.6618394583322	b
409.86117495833224	db
410.05661445833226	b
410.2520539583323	b
410.4474934583323	b
410.6429329583323	db
410.83837245833234	b
411.03381195833236	b
411.2292514583324	b
411.4246909583324	db
411.6201304583324	b
411.81556995833245	b
412.01100945833247	b
412.2064489583325	db
412.4018884583325	b
412.5973279583325	b
412.79276745833255	b
412.98820695833257	db
413.1836464583326	b
413.3790859583326	b
413.57452545833263	b
413.76996495833265	db
413.96540445833267	b
414.1608439583327	b
414.3562834583327	b
414.55172295833273	db
414.74716245833275	b
414.9426019583328	b
415.1380414583328	b
415.3334809583328	db
415.52892045833283	b
415.72435995833285	b
415.9197994583329	b
416.1152389583329	db
416.3191090833329	b
416.5200063333329	b
416.7180194583329	b
416.9134003333329	db
417.1082688333329	b
417.3005763333329	b
417.49288383333294	b
417.68832333333296	db
417.89562033333294	b
418.0904888333329	b
418.2853573333329	b
418.4802258333329	db
418.6750943333329	b
418.8680203333329	b
419.0609463333329	b
419.2538723333329	db
419.45223233333286	b
419.64849033333286	b
419.84474833333286	b
420.0467413333329	db
420.2443438333329	b
420.4419463333329	b
420.6395488333329	b
420.8405673333329	db
421.0415858333329	b
421.24260433333285	b
421.4436228333328	b
421.6446413333328	db
421.8456598333328	b
422.04667833333275	b
422.2476968333327	b
422.4487153333327	db
422.6525854583327	b
422.8534827083327	b
423.0514958333327	b
423.2468767083327	db
423.4417452083327	b
423.6340527083327	b
423.82636020833274	b
424.01866770833277	db
424.22596470833275	b
424.42083320833274	b
424.6157017083327	b
424.8105702083327	db
425.0054387083327	b
425.1977462083327	b
425.39005370833274	b
425.58549320833276	db
425.78385320833274	b
425.98011120833274	b
426.17636920833274	b
426.37836220833276	db
426.5759647083328	b
426.7735672083328	b
426.9711697083328	b
427.1721882083328	db
427.37320670833276	b
427.57422520833273	b
427.7752437083327	b
427.9762622083327	db
428.1752142083327	b
428.3741662083327	b
428.57311820833274	b
428.7771997083327	db
428.9812812083327	b
429.1775392083327	b
429.3737972083327	b
429.5757902083327	db
429.7733927083327	b
429.97099520833274	b
430.16859770833275	b
430.36961620833273	db
430.5706347083327	b
430.7716532083327	b
430.97267170833265	b
431.17369020833263	db
431.37264220833265	b
431.57159420833267	b
431.7705462083327	b
431.9732487083327	db
432.17595120833266	b
432.37220920833266	b
432.56846720833266	b
432.7704602083327	db
432.9680627083327	b
433.1656652083327	b
433.3632677083327	b
433.5642862083327	db
433.7653047083327	b
433.96632320833265	b
434.16734170833263	b
434.3683602083326	db
434.5673122083326	b
434.76626420833264	b
434.96521620833266	b
435.1641682083327	db
435.3631202083327	b
435.5665102083327	b
435.76990020833273	b
435.97329020833274	db
436.17668020833275	b
436.38007020833277	b
436.5834602083328	b
436.7868502083328	db
436.99162820833277	b
437.1929707083328	b
437.3884102083328	b
437.5838497083328	db
437.7879312083328	b
437.99201270833277	b
438.1913482083328	b
438.3906837083328	db
438.5933862083328	b
438.7933862083328	b
438.99338620833277	b
439.1967762083328	db
439.4001662083328	b
439.6001662083328	b
439.80016620833277	b
440.0021862083328	db
440.20979870833276	b
440.40979870833274	b
440.60523820833276	b
440.8006777083328	db
441.00475920833276	b
441.20884070833273	b
441.4088407083327	b
441.6088407083327	db
441.8122307083327	b
442.01562070833273	b
442.21901070833275	b
442.42240070833276	db
442.6257907083328	b
442.8291807083328	b
443.0325707083328	b
443.2359607083328	db
443.4442942083328	b
443.6442942083328	b
443.8397337083328	b
444.0351732083328	db
444.2392547083328	b
444.44333620833277	b
444.6426717083328	b
444.8420072083328	db
445.0447097083328	b
445.2447097083328	b
445.44470970833277	b
445.6480997083328	db
445.8514897083328	b
446.0514897083328	b
446.25148970833277	b
446.4535097083328	db
446.66184320833275	b
446.85986320833274	b
447.0540382083327	b
447.24821320833274	db
447.4522947083327	b
447.6563762083327	b
447.8563762083327	b
448.05637620833267	db
448.2597662083327	b
448.4631562083327	b
448.6665462083327	b
448.8699362083327	db
449.07332620833273	b
449.27671620833274	b
449.48010620833276	b
449.68349620833277	db
449.88827420833275	b
450.08894320833275	b
450.2856647083328	b
450.4823862083328	db
450.68646770833277	b
450.89054920833274	b
451.08988470833276	b
451.2892202083328	db
451.49192270833277	b
451.69192270833275	b
451.89192270833274	b
452.09531270833276	db
452.29870270833277	b
452.49870270833276	b
452.69870270833275	b
452.90072270833275	db
453.1076192083327	b
453.3056392083327	b
453.4998142083327	b
453.6939892083327	db
453.8980707083327	b
454.10215220833265	b
454.30215220833264	b
454.50215220833263	db
454.70554220833264	b
454.90893220833266	b
455.11232220833267	b
455.3157122083327	db
455.5191022083327	b
455.7224922083327	b
455.9258822083327	b
456.1332109583327	db
456.3366009583327	b
456.53999095833274	b
456.74338095833275	b
456.94677095833276	db
457.1501609583328	b
457.3535509583328	b
457.5569409583328	b
457.7642697083328	db
457.9676597083328	b
458.1710497083328	b
458.37443970833283	b
458.57782970833284	db
458.78121970833286	b
458.98460970833287	b
459.1879997083329	b
459.3957017083329	db
459.6033142083329	b
459.8109267083329	b
460.01853920833287	b
460.23064870833286	db
460.43826120833285	b
460.64587370833283	b
460.8534862083328	b
461.06443520833284	db
461.28104170833285	b
461.49764820833286	b
461.7142547083329	b
461.9366264583329	db
462.1588484583329	b
462.3810704583329	b
462.6032924583329	b
462.8255144583331	db
463.1255144583328	b
463.3343316249995	b
463.54200504166613	b
463.74848679166615	db
463.9539662916662	b
464.1594457916662	b
464.3649252916662	b
464.5704047916663	db
464.79453291666624	b
465.0028664166662	b
465.2104789166662	b
465.4173754166662	db
465.6235609166662	b
465.8297464166662	b
466.0359319166662	b
466.25054891666616	db
466.4538243333328	b
466.6562993333328	b
466.8579241249995	b
467.0587614999995	db
467.2548399999995	b
467.4509184999995	b
467.6469969999995	b
467.8430754999995	db
468.03595570833284	b
468.2301938333328	b
468.42250133333283	b
468.61679579166616	db
468.8095716249995	b
469.00209083333283	b
469.19482179166613	b
469.38770266666614	db
469.5806968749995	b
469.7734727499995	b
469.96604383333283	b
470.1595451666662	db
470.3515489999995	b
470.54583324999953	b
470.74922324999955	b
470.95261324999956	db
471.15000074999955	b
471.34544024999957	b
471.5408797499996	b
471.74496124999956	db
471.94401049999954	b
472.14008899999953	b
472.3361674999996	b
472.5569019999996	db
472.7666919999996	b
472.97550916666626	b
473.1831825833329	b
473.38966433333286	db
473.5951438333329	b
473.8006233333329	b
474.00610283333293	b
474.211582333333	db
474.43571045833295	b
474.64404395833293	b
474.8516564583329	b
475.0585529583329	db
475.2647384583329	b
475.4709239583329	b
475.6771094583329	b
475.89172645833287	db
476.0950018749995	b
476.2974768749995	b
476.4991016666662	b
476.6999390416662	db
476.8960175416662	b
477.0920960416662	b
477.2881745416662	b
477.4842530416662	db
477.6779630416662	b
477.8711534166662	b
478.0653352499995	b
478.2591520416662	db
478.45213158333286	b
478.64657395833285	b
478.8401766666662	b
479.0334726666662	db
479.2268771666662	b
479.42074712499954	b
479.61208787499953	b
479.8054876666662	db
480.00041783333285	b
480.1946485833329	b
480.3980385833329	b
480.6014285833329	db
480.8011890833329	b
480.9966285833329	b
481.1920680833329	b
481.3961495833329	db
481.5948600833329	b
481.7909385833329	b
481.98701708333294	b
482.19040708333296	db
482.4001970833329	b
482.5988725833329	b
482.7976030833329	b
483.0000987499996	db
483.2034527083329	b
483.40218320833293	b
483.6008587083329	b
483.80182095833294	db
484.0031760833329	b
484.2011960833329	b
484.3992160833329	b
484.5998977083329	db
484.80119520833284	b
484.9998707083328	b
485.1985462083328	b
485.39722170833284	db
485.6070117083328	b
485.80568720833276	b
486.00441770833277	b
486.2069133749995	db
486.4102673333328	b
486.6089978333328	b
486.8076733333328	b
487.0086355833328	db
487.2099907083328	b
487.40801070833277	b
487.60603070833275	b
487.80671233333277	db
488.0080098333328	b
488.20668533333276	b
488.4053062083328	b
488.61255395833285	db
488.83395595833275	b
489.0326314583328	b
489.2346514583328	b
489.43332695833277	db
489.63200245833275	b
489.8306779583327	b
490.0293534583327	b
490.22802895833274	db
490.4370879583327	b
490.63576345833275	b
490.83778345833275	b
491.03645895833273	db
491.2351344583327	b
491.4338099583327	b
491.6324854583327	b
491.8422754583327	db
492.0422754583327	b
492.2422754583327	b
492.4422754583327	b
492.6422754583327	db
492.84095095833266	b
493.03962645833263	b
493.23830195833267	b
493.4533559583326	db
493.6533559583326	b
493.8533559583326	b
494.0533559583326	b
494.2533559583326	db
494.4588354583326	b
494.6643149583326	b
494.8697944583327	b
495.09880195833273	db
495.3397161395828	b
495.5806801395828	b
495.8216441395828	b
496.06260813958284	db
496.5615288229169	b
497.0615288229169	b
497.5615288229169	b
498.0615288229155	db,4/2
501.0615288229155	b
504.12770532291546	b
507.41537732291545	b
510.41537732291545	db
513.4153773229154	b
516.4751598229154	b
519.7628318229155	b
522.7628318229155	db
525.7628318229155	b
528.9084815729154	b
532.1084815729155	b
535.3084815729155	db
538.5084815729156	b
541.7159933229156	b
545.2483354895822	b
550.551906489582	db,4/8
550.755776614582	b
550.9566738645821	b
551.154686989582	b
551.350067864582	db
551.544936364582	b
551.737243864582	b
551.9295513645819	b
552.124990864582	db
552.3322878645819	b
552.5271563645819	b
552.7220248645818	b
552.9168933645818	db
553.1117618645818	b
553.3046878645819	b
553.4976138645819	b
553.690539864582	db
553.888899864582	b
554.085157864582	b
554.281415864582	b
554.483408864582	db
554.681011364582	b
554.878613864582	b
555.076216364582	b
555.277234864582	db
555.4820128645821	b
555.6867908645821	b
555.8915688645822	b
556.0963468645822	db
556.2983668645822	b
556.5003868645822	b
556.7024068645821	b
556.9044268645821	db
557.1134858645821	b
557.3225448645821	b
557.5316038645822	b
557.7406628645822	db
557.9628848645822	b
558.1851068645822	b
558.4073288645822	b
558.6295508645821	db
558.8517728645821	b
559.0739948645821	b
559.2962168645821	b
559.5184388645821	db
